金額,日付,メモ,カテゴリー名
876,2026/04/30,マツキヨ返し金,臨時
23580,2026/04/24,TOHOシネマズ名古屋栄,バイト
-150,2026/04/23,iCloud,趣味
-100,2026/04/22,駐輪場,交通費
-806,2026/04/19,カラオケ,交際費
-1606,2026/04/19,オムライス,交際費
-400,2026/04/19,チャージ,外食費
-1,2026/04/19,平林,その他
-4110,2026/04/16,faith hair bisq,衣服
-440,2026/04/16,セルフカフェ,外食費
-100,2026/04/15,駐輪場,交通費
47879,2026/04/15,マツモトキヨシ,バイト
-500,2026/04/15,チャージ,交通費
-2000,2026/04/15,スタバチャージ,外食費
-700,2026/04/14,父誕生日,交際費
-580,2026/04/14,Spotify,趣味
-100,2026/04/13,駐輪場,交通費
-295,2026/04/12,ファミマ,食費
-2515,2026/04/12,ヤマナカ,食費
-100,2026/04/12,駐輪場,交通費
-3699,2026/04/11,マツキヨ,食費
-2217,2026/04/11,ヤマナカ,食費
-240,2026/04/10,チャージ,交通費
-954,2026/04/09,吉野家,食費
-240,2026/04/09,チャージ,食費
-179,2026/04/08,マツキヨ,食費
-588,2026/04/08,ファミマ,食費
-100,2026/04/06,駐輪場,食費
-4420,2026/04/04,帰省費,交通費
-1000,2026/04/04,チャージ,交通費
-1065,2026/04/04,りくろーおじさん,交際費2
-212,2026/04/04,マツモトキヨシ,食費
-7270,2026/04/04,歯医者,その他
10000,2026/04/04,歯医者,臨時
11000,2026/04/04,帰省費,臨時
-2000,2026/04/04,チャージ,交通費
-105,2026/04/02,コクミン,食費
-2290,2026/04/02,帰省費,交通費
-3950,2026/04/02,ぴよりん,交際費
-150,2026/04/01,ファミマ,食費
33000,2026/04/01,,仕送り
-4444,2026/03/31,一刻堂,食費
589,2026/03/31,マツキヨ返し金,臨時
-9470,2026/03/29,新幹線,交通費
-244,2026/03/27,ホテル,食費
-70,2026/03/27,ローソン,食費
3590,2026/03/27,あらた,臨時
26652,2026/03/27,,臨時
-3900,2026/03/27,あらた,交際費
-5978,2026/03/27,のりおか,交際費
-4413,2026/03/27,れお,交際費
-200,2026/03/27,洗濯機,その他
-620,2026/03/26,山食,食費
-1454,2026/03/25,マツモトキヨシ,日用品
6618,2026/03/25,トーホーシネマズ名古屋栄,バイト
15214,2026/03/25,ReNU,バイト
-268,2026/03/25,西友,食費
-396,2026/03/24,ファミマ,食費
-2000,2026/03/24,チャージ,交通費
-430,2026/03/24,山食,食費
-660,2026/03/24,PRONTO,食費
-1260,2026/03/24,東京都現代美術館,交際費
-100,2026/03/24,自販機,食費
-100,2026/03/24,コインランドリー,食費
-14590,2026/03/23,ジェットスター,交通費
-2000,2026/03/23,チャージ,交通費
-290,2026/03/23,空港,食費
-648,2026/03/23,おみやげ,交際費
-750,2026/03/23,ろけっとなう,食費
-150,2026/03/23,iCloud,趣味
-2100,2026/03/22,ネカフェ,交際費
-3655,2026/03/22,マツモトキヨシ,日用品
-1130,2026/03/22,一幸舎,外食費
-660,2026/03/22,カフェ・ド・クリエ,食費
-100,2026/03/22,みくじ(大宰府),食費
-250,2026/03/22,一蘭(ごはん),外食費
-10,2026/03/22,大宰府,趣味
-500,2026/03/22,御朱印(大宰府),趣味
-1000,2026/03/22,お守り(大宰府),趣味
-1500,2026/03/22,お守り(大宰府),趣味
-500,2026/03/22,駐車場(大宰府),趣味
-210,2026/03/22,自販機,食費
-1180,2026/03/22,一蘭,外食費
-680,2026/03/22,唐揚げ,食費
-1430,2026/03/22,お土産,交際費2
-2274,2026/03/22,お土産,外食費
-138,2026/03/22,ナフコ,食費
-210,2026/03/22,自販機,食費
6,2026/03/22,SBI利息,臨時
-350,2026/03/22,肉まん,食費
-10,2026/03/21,,食費
-550,2026/03/21,別府 抹茶アイス,食費
-920,2026/03/21,別府湾ラーメン,食費
-730,2026/03/21,サブウェイ,食費
-100,2026/03/21,駐車場,食費
-100,2026/03/20,,交通費
-1600,2026/03/20,The stand hill,食費
-120,2026/03/20,自販機,食費
-160,2026/03/20,自販機,食費
-129,2026/03/20,Coke ON,食費
-950,2026/03/20,ちゃんぽん,食費
-690,2026/03/20,角煮まん,食費
-648,2026/03/20,お土産,交際費
-268,2026/03/20,ローソン,食費
-1200,2026/03/20,カラオケ,交際費
-3000,2026/03/19,チャージ,交通費
-5500,2026/03/19,花束,交際費2
-17240,2026/03/19,博多旅行,交通費
-231,2026/03/19,セブン,食費
-140,2026/03/19,セブン,食費
-2350,2026/03/19,タクシー,その他
-4941,2026/03/19,屋台,交際費
3000,2026/03/19,新汰,臨時
-210,2026/03/17,チャージ,交通費
-100,2026/03/17,チャージ,交通費
-2820,2026/03/17,cheeseとはちみつ,交際費2
-2600,2026/03/17,ゴッホ展,交際費2
-660,2026/03/17,ゴッホ展,交際費2
-3810,2026/03/17,ブルーボトルコーヒー,交際費2
-7600,2026/03/17,CUCINA Pagine,交際費2
-210,2026/03/17,チャージ,交通費
-500,2026/03/16,チャージ,交通費
9500,2026/03/16,ちょびリッチ,臨時
-210,2026/03/16,チャージ,交通費
-4550,2026/03/16,フロンテロゼ,食費
-800,2026/03/16,吉野家,食費
-250,2026/03/15,マック,食費
-930,2026/03/14,マツキヨ,食費
-100,2026/03/14,チャージ,交通費
-1000,2026/03/14,マック,外食費
-1700,2026/03/14,一番軒,交際費2
-100,2026/03/14,自転車,交通費
-5610,2026/03/14,Face hair bisq,衣服
-615,2026/03/14,ファミマ,食費
-580,2026/03/14,Spotify,趣味
57323,2026/03/13,マツモトキヨシ,バイト
-100,2026/03/13,チャージ,交通費
-431,2026/03/13,ローソン,食費
-287,2026/03/13,オークワ,食費
-770,2026/03/13,セリア,日用品
-110,2026/03/13,ダイソー,交際費2
-500,2026/03/12,チャージ,交通費
-200,2026/03/12,チャージ,交通費
-563,2026/03/12,セブン,食費
-200,2026/03/11,チャージ,交通費
-4719,2026/03/11,極みや,交際費2
-502,2026/03/11,ファミマ,交際費2
-248,2026/03/11,ファミマ,食費
-30000,2026/03/09,Applewatch SE3,交際費2
-300,2026/03/09,チャージ,交通費
-702,2026/03/08,セルフカフェ(540損失),食費
-2732,2026/03/08,マツキヨ,日用品
-980,2026/03/08,日の出ラーメン,外食費
-3749,2026/03/08,,日用品
-100,2026/03/08,チャージ,食費
-200,2026/03/07,チャージ,交通費
-390,2026/03/07,Tully's,食費
-100,2026/03/06,チャージ,交通費
-9206,2026/03/06,Amazon,食費
0,2026/03/06,プロジェクター(Amazon)2万円,趣味
-17093,2026/03/06,キーボード,勉強
-2500,2026/03/06,古海誕生日会,交際費
-2153,2026/03/05,マツキヨオンライン,日用品
-517,2026/03/05,オークワ,食費
-748,2026/03/05,ユタカ,日用品
-100,2026/03/04,チャージ,交通費
-2000,2026/03/04,TDL,交際費2
-2150,2026/03/04,TDL,交際費2
-21800,2026/03/04,新幹線,交際費2
-1000,2026/03/03,フリーパス,交通費
-581,2026/03/03,成城石井(イクスピアリ),交際費2
-979,2026/03/03,イクスピアリ,交際費2
-2200,2026/03/03,TDL,交際費2
-4920,2026/03/03,TDL,交際費2
-2160,2026/03/03,TDL,交際費2
-2300,2026/03/03,TDL,交際費2
-4120,2026/03/03,TDL,交際費2
-10,2026/03/02,お賽銭,その他
-500,2026/03/02,御朱印(浅草寺),その他
-500,2026/03/02,もんじゃ,交際費2
-700,2026/03/02,スイートポテト,交際費2
-9820,2026/03/02,新幹線,交通費
-1000,2026/03/02,チャージ,交通費
-315,2026/03/02,ファミマ,食費
-67814,2026/03/02,Hilton 東京ベイ (UP+9000),交際費2
-5000,2026/03/02,🗼スカイツリー入場,交際費2
-4416,2026/03/02,ローソン,交際費2
-1775,2026/03/02,東京駅(ケーキ),交際費2
-1000,2026/03/02,チャージ,交際費2
-6186,2026/03/02,GCP,勉強
-3230,2026/03/01,タリーズ,交際費2
100000,2026/03/01,投資機構貸金,臨時
31,2026/03/01,ゆうちょ銀行,臨時
33000,2026/03/01,,仕送り
432,2026/02/28,マツキヨ返し金,臨時
-375,2026/02/28,セブン,食費
-3492,2026/02/27,ブルーボトルコーヒー,交際費2
-1500,2026/02/27,転スラ映画,その他
-740,2026/02/25,吉野家,食費
-415,2026/02/25,マツキヨ,食費
-200,2026/02/24,アイス,食費
2730,2026/02/24,けいた,臨時
-3773,2026/02/24,空也,交際費
-7160,2026/02/24,さわやか,交際費
-1000,2026/02/24,洞窟,交際費
-4500,2026/02/24,チャージ,交通費
1440,2026/02/24,ひろや(車相殺),臨時
1760,2026/02/24,空,臨時
-1580,2026/02/24,浜松旅行復路,交通費
-100,2026/02/23,チャージ,交通費
-820,2026/02/23,バーキン,食費
-150,2026/02/23,iCloud,趣味
-1528,2026/02/22,DCM,食費
-3100,2026/02/22,造幣局,趣味
-1190,2026/02/21,春日亭,食費
-200,2026/02/21,チャージ,交通費
-759,2026/02/21,セブン,交際費2
-645,2026/02/21,セブン,食費
-1000,2026/02/21,スタバチャージ,食費
-423,2026/02/19,マツキヨ,食費
-1330,2026/02/19,コメダ,食費
-1000,2026/02/18,二郎,食費
-300,2026/02/18,チャージ,食費
-1000,2026/02/18,ひろや貸金,その他
-650,2026/02/18,サイゼ,食費
1300,2026/02/18,ひろや返金,臨時
-200,2026/02/18,チャージ,交通費
-1000,2026/02/17,伊勢神宮,その他
-500,2026/02/17,伊勢神宮   御朱印,その他
-500,2026/02/17,伊勢神宮 御朱印,その他
-400,2026/02/17,チャージ,交通費
-5,2026/02/17,伊勢神宮 内宮,その他
-900,2026/02/17,赤福,交際費2
-800,2026/02/17,赤福 ぜんざい,食費
-5,2026/02/17,伊勢神宮 内宮,その他
-1000,2026/02/17,チャージ,交通費
-680,2026/02/17,たこ焼き,食費
-110,2026/02/17,ダイソー,食費
-3800,2026/02/17,三重旅行,交通費
-535,2026/02/17,ファミマ,食費
-200,2026/02/17,チャージ,交通費
-4120,2026/02/16,くら寿司,交際費2
-298,2026/02/16,ファミマ,食費
-2099,2026/02/16,cloudflare,趣味
-4898,2026/02/15,ヤマナカ,食費
-1000,2026/02/15,スタバチャージ,食費
-1000,2026/02/15,チャージ,交通費
-120,2026/02/14,ファミマ,食費
-580,2026/02/14,Spotify,趣味
-2310,2026/02/13,漫画(お隣の天使様にいつの間にか駄目人間にされていた件),趣味
-4620,2026/02/13,,勉強
46622,2026/02/13,マツモトキヨシ,バイト
-5155,2026/02/12,Amazon,勉強
-3000,2026/02/12,藤井先輩,交際費
-2839,2026/02/11,オークワ,食費
-5610,2026/02/11,fairh hair bisq,食費
-220,2026/02/11,ダイソー,日用品
-5064,2026/02/10,マツキヨ,食費
-740,2026/02/10,吉野家,食費
-203,2026/02/10,ローソン,食費
-990,2026/02/09,ぎんや,食費
-627,2026/02/09,名古屋大学生協,食費
-5000,2026/02/08,赤から,交際費
-348,2026/02/07,ファミマ,食費
-2800,2026/02/07,ReNU,交際費
-2000,2026/02/06,中華飲み,食費
-464,2026/02/06,ファミマ,食費
-494,2026/02/06,オークワ,食費
-1720,2026/02/06,すき家,交際費2
-1380,2026/02/06,KFC(2000円回収),交際費2
-354,2026/02/05,名古屋大学生協,食費
-616,2026/02/05,名古屋,食費
-2157,2026/02/04,render,その他
-1000,2026/02/03,名古屋大学生協,食費
-697,2026/02/03,ローソン,食費
-420,2026/02/03,ファミマ,食費
-1000,2026/02/03,名古屋大学生協チャージ,食費
-504,2026/02/02,名古屋大学生協,食費
-1000,2026/02/02,名古屋大学生協チャージ,食費
-825,2026/02/01,ファミマ,食費
33000,2026/02/01,,仕送り
-9395,2026/01/31,Amazon(仮),食費
1692,2026/01/31,SBI投資機構利益,投資利益
-1692,2026/01/31,SBI投資機構利益,投資機構利益
182,2026/01/31,マツキヨ返し金,臨時
-10015,2026/01/29,Amazon(仮),日用品
-11749,2026/01/29,Amazon(仮),日用品
-299,2026/01/29,ファミマ,食費
-228,2026/01/28,名古屋大学生協,食費
-549,2026/01/27,ローソン,食費
-16335,2026/01/27,NIKE,衣服
-161,2026/01/27,ローソン,食費
-200000,2026/01/27,投資,投資
-594,2026/01/27,ファミマ,食費
-347,2026/01/26,名古屋大学生協,食費
-3730,2026/01/25,王将,交際費2
-1000,2026/01/25,チャージ,交通費
-1939,2026/01/25,マツキヨ,食費
-248,2026/01/25,ファミマ,食費
-668,2026/01/25,ファミマ,食費
-1000,2026/01/24,スタバチャージ,食費
-1050,2026/01/23,歌志軒,食費
-2990,2026/01/23,ストレスけあ,趣味
-150,2026/01/23,iCloud,趣味
-119,2026/01/21,自販機,食費
-392,2026/01/21,生協,食費
-236,2026/01/20,生協,食費
-500,2026/01/17,ロッカー,食費
-1030,2026/01/17,みずのぼる,食費
-2990,2026/01/17,GU,衣服
-1000,2026/01/17,スタバチャージ,外食費
-930,2026/01/17,エクセルシオール,食費
-734,2026/01/17,エキュート上野,交際費2
-9280,2026/01/17,東京旅費(4180+5100),交通費
24880,2026/01/16,和歌山県,臨時
-730,2026/01/16,ドトール,交際費2
-440,2026/01/16,ダイソー,衣服
-9280,2026/01/16,東京旅費,交通費
-380,2026/01/16,お土産,交際費
-1000,2026/01/16,元祖油堂,外食費
-580,2026/01/16,エクセルシオール,外食費
-1000,2026/01/16,チャージ,交通費
-324,2026/01/16,セブン,交際費
59803,2026/01/15,マツキヨ,バイト
-1000,2026/01/15,チャージ,交通費
-980,2026/01/15,日の出ラーメン,外食費
-5071,2026/01/14,世界の山ちゃん,交際費2
-1814,2026/01/14,マツキヨ,食費
-580,2026/01/14,Spotify,趣味
-369,2026/01/13,名古屋大学生協,食費
-3680,2026/01/12,大ゴッホ展,趣味
-900,2026/01/12,南京町,食費
-1250,2026/01/12,大ゴッホ展,趣味
-50,2026/01/12,紛失,食費
13000,2026/01/12,帰省費,臨時
4650,2026/01/12,色々(母),臨時
-1450,2026/01/12,ブルーボトルコーヒー,外食費
-1370,2026/01/12,551,交際費2
-1647,2026/01/12,セブン,交際費
-116,2026/01/12,セブン,食費
-381,2026/01/12,ローソン,食費
-6200,2026/01/11,同窓会,交際費
-3000,2026/01/11,同窓会2次会,交際費
-700,2026/01/11,,交際費
-700,2026/01/11,交際費,交際費
-110,2026/01/10,セリア,食費
-649,2026/01/10,ばり馬,食費
-300,2026/01/10,ローソン,食費
-770,2026/01/10,櫻井さん負担金,交際費
-5500,2026/01/10,忘年会,交際費
-380,2026/01/10,マック,食費
-352770,2026/01/10,かごの屋,その他
-475,2026/01/10,テニス,交際費
346500,2026/01/10,忘年会集金,臨時
-450,2026/01/09,帰省費,交通費
-6400,2026/01/09,帰省費,交通費
-2900,2026/01/09,551,交際費
-900,2026/01/09,赤福,交際費
-1100,2026/01/08,日出ラーメン,食費
-660,2026/01/08,マック,食費
-510,2026/01/08,茶屋ヶ坂(たこ焼き),食費
-1000,2026/01/08,チャージ,交通費
-6178,2026/01/08,faith hair bisw,衣服
-700,2026/01/08,バーガーキング,外食費
-420,2026/01/08,セルフカフェ,外食費
-5445,2026/01/07,ドンキ,食費
-100,2026/01/07,チャージ,交通費
-200,2026/01/07,チャージ,交通費
-2396,2026/01/07,マツキヨ,日用品
-980,2026/01/06,日の出ラーメン,食費
-48130,2026/01/06,ZOZOTOWN,衣服
74000,2026/01/05,お年玉,臨時
13000,2026/01/05,帰省補助金,臨時
-1100,2026/01/05,大鳥神社,趣味
-2000,2026/01/05,チャージ,交通費
-600,2026/01/05,難波八坂神社,趣味
-1130,2026/01/05,お土産,交際費2
-4420,2026/01/05,帰省費,交通費
-366,2026/01/05,ローソン,食費
-1680,2026/01/05,お好み焼き,食費
-324,2026/01/05,セブン,食費
10000,2026/01/03,お年玉(兄),臨時
10000,2026/01/03,お年玉(離れ),臨時
-3000,2026/01/03,辻本,交際費
-1100,2026/01/03,チャージ,交通費
-510,2026/01/03,マック,食費
-100,2026/01/03,チャージ,交通費
-2851,2026/01/03,Render,趣味
-200,2026/01/01,日前宮,趣味
-2500,2026/01/01,カラオケ,交際費
33000,2026/01/01,,仕送り
199,2025/12/31,マツキヨ返し金,臨時
-708,2025/12/30,ファミマ,食費
1335,2025/12/30,ゆうちょ銀行,臨時
-159,2025/12/29,自販機,食費
-139,2025/12/29,自販機,食費
-2490,2025/12/29,ラウンドワン,交際費
-1000,2025/12/29,チャージ,交通費
5000,2025/12/29,耳鼻科補助,臨時
-1800,2025/12/28,とりき,交際費
-9800,2025/12/28,同窓会,交際費
10000,2025/12/28,同窓会参加費補,臨時
-171,2025/12/28,セブンイレブン,食費
-1596,2025/12/28,Cursor,趣味
-750,2025/12/27,帰省費,交通費
-4420,2025/12/27,帰省費(ひのとり),交通費
-765,2025/12/27,ファミリーマート,食費
-3190,2025/12/27,タリーズ(コーヒー),交際費
-1000,2025/12/27,チャージ,交通費
-972,2025/12/27,お土産,交際費
-450,2025/12/27,近鉄(たこ焼き)(値段誤りの可能性あり),外食費
-1000,2025/12/27,チャージ,交通費
-1300,2025/12/26,名古屋大学生協(master),交際費
-100,2025/12/26,チャージ,交通費
-1974,2025/12/26,吉野家,交際費2
-60000,2025/12/25,iPhone 15pro,その他
-4480,2025/12/25,KFC,交際費2
1511,2025/12/25,名古屋大学生協,バイト
-880,2025/12/24,東京油組,外食費
-1500,2025/12/24,クリスマスマーケット,外食費
14470,2025/12/24,耳鼻咽喉科補填金(母),臨時
-385,2025/12/23,マツモトキヨシ,食費
-150,2025/12/23,iCloud,趣味
-168,2025/12/22,自販機(Coke ON(JCB)),食費
-670,2025/12/22,日比耳鼻科(master),その他
-3990,2025/12/22,Niko and…(master),交際費2
-1200,2025/12/22,歌志軒(JCB),外食費
-4978,2025/12/21,ダンダダン(餃子(JCB)),交際費2
-230,2025/12/20,一蘭替玉,外食費
-1190,2025/12/20,一蘭(JCB),外食費
-600,2025/12/20,KANONコーヒー(JCB),外食費
-4610,2025/12/20,faith hair bisq  (JCB),衣服
-1408,2025/12/20,ユタカ(ロキソニン(JCB)),日用品
-1000,2025/12/20,チャージ,交通費
-940,2025/12/20,バーガーキング(JCB),外食費
-1160,2025/12/18,薬局,趣味
-1250,2025/12/17,日の出ラーメン,外食費
-10770,2025/12/17,faith hairbisq,衣服
-1000,2025/12/17,チャージ,交通費
-530,2025/12/17,銭湯,交際費
-20,2025/12/17,銭湯,交際費
-150,2025/12/17,銭湯(コーヒー牛乳),交際費
-20,2025/12/17,銭湯,交際費
-800,2025/12/17,としき,交際費
-507,2025/12/17,ファミマ,食費
-13310,2025/12/17,日比谷耳鼻科,その他
-338,2025/12/16,マツキヨ,食費
-429,2025/12/16,ファミマ,食費
-496,2025/12/15,ファミマ,食費
-4220,2025/12/15,近鉄(難波▶︎名古屋),交通費
-1580,2025/12/15,JR(藤並▶︎大阪),交通費
-1000,2025/12/15,チャージ,交通費
-1734,2025/12/15,お土産(ファミマ),食費
-1593,2025/12/15,人類みな麺類,外食費
55238,2025/12/15,マツモトキヨシ,バイト
-580,2025/12/14,Spotify,趣味
-1000,2025/12/13,スタバ(チャージ),食費
-1000,2025/12/12,チャージ,交通費
-5940,2025/12/12,帰省費,交通費
-1250,2025/12/12,帰省費,交通費
-1450,2025/12/11,二兎,外食費
-1430,2025/12/11,雷杏,外食費
-680,2025/12/10,タリーズ(JCB),食費
41500,2025/12/10,マツモトキヨシ(ボーナス),バイト
-258,2025/12/10,ファミマ(master),食費
-1000,2025/12/10,チャージ(JCB),交通費
-1735,2025/12/08,ドンキ(MASTER),食費
-990,2025/12/08,ぎんや,外食費
-980,2025/12/07,KFC,外食費
-500,2025/12/07,ドトール,食費
-120,2025/12/06,自販機,食費
-16500,2025/12/06,ローソン(カバラン),趣味
-10780,2025/12/06,ローソン(THE SUN FINAL),趣味
-1000,2025/12/04,チャージ(master),交通費
-1000,2025/12/04,ピッコマ(JCB),趣味
-305,2025/12/04,ファミマ(master),食費
-565,2025/12/04,マツキヨ(社員カード),日用品
-712,2025/12/03,転スラ(名大生協)(JCB),趣味
-1616,2025/12/03,Render,その他
-7810,2025/12/02,TOEIC,勉強
1000,2025/12/02,配当(島精機),投資利益
-557,2025/12/02,マツキヨ,食費
-2435,2025/12/02,ドンキ(JCB),食費
33000,2025/12/01,,仕送り
-5610,2025/11/30,Face hair bisq,衣服
-462,2025/11/30,オークワ,食費
2385,2025/11/30,配当(NTT),投資利益
-2385,2025/11/30,配当,投資機構利益
456,2025/11/30,マツキヨ返し金,臨時
-1600,2025/11/29,獅子丸,交際費2
-1980,2025/11/29,サンマルク,交際費2
-3000,2025/11/29,スタバチャージ,食費
-12149,2025/11/27,分割キーボード(Amazon),日用品
-10476,2025/11/27,belties,衣服
-114,2025/11/26,webカメラ(Amazon(Amazonポイント5456)),日用品
-9051,2025/11/26,充電器(Amazon),日用品
-218,2025/11/26,名大,食費
-913,2025/11/24,ミスド,外食費
-10,2025/11/24,プリント,その他
-478,2025/11/24,マツキヨ,食費
-1180,2025/11/24,日の出ラーメン,外食費
-6101,2025/11/23,gilled(Amazon),日用品
-5722,2025/11/23,電動歯ブラシ替えブラシ(Amazon),日用品
-130,2025/11/23,自販機,食費
-1462,2025/11/23,DCM,日用品
-20000,2025/11/23,Amazonギフト券,日用品
-150,2025/11/23,iCloud,趣味
-1076,2025/11/22,マツキヨ,日用品
-640,2025/11/22,マック,外食費
-1000,2025/11/21,チャージ,交通費
100000,2025/11/21,ユメカタリ,臨時
-160,2025/11/20,自販機,食費
-120,2025/11/19,ファミマ,食費
-3160,2025/11/19,おぼん de ごはん,交際費2
-2373,2025/11/17,ピアゴ,食費
-715,2025/11/17,吉野家,外食費
-1098,2025/11/17,ダイソー,日用品
-17639,2025/11/17,NIKE,衣服
-8843,2025/11/16,ヤマナカ(2444円(金シャチ)),食費
-178,2025/11/16,ファミマ,食費
-1000,2025/11/15,チャージ,交通費
1198,2025/11/15,名古屋大学生協,バイト
54370,2025/11/14,マツモトキヨシ,バイト
10773,2025/11/14,,バイト
-580,2025/11/14,Spotify,趣味
-394,2025/11/12,ファミマ,食費
-1000,2025/11/12,チャージ,交通費
-243,2025/11/11,ファミマ,食費
-100,2025/11/11,チャージ,交通費
-457,2025/11/10,マツキヨ,食費
-980,2025/11/10,日の出ラーメン,外食費
-2000,2025/11/09,松坂屋美術館,交際費2
-2000,2025/11/09,ブルーボトルコーヒー,交際費2
-4356,2025/11/09,極味や,交際費2
-15000,2025/11/08,UNIQLO(金シャチマネー),衣服
-440,2025/11/08,ダイソー,日用品
-850,2025/11/08,ばーがーきん,外食費
-861,2025/11/07,ローソン,食費
360000,2025/11/07,木下奨学金,臨時
-861,2025/11/06,ローソン,食費
-2915,2025/11/06,ドンキ(金鯱マネー),食費
-118,2025/11/05,ファミマ,食費
-2950,2025/11/05,Amazon prime,趣味
-1000,2025/11/04,チャージ,交通費
-2860,2025/11/03,五右衛門,交際費2
3000,2025/11/03,なおこ,臨時
13000,2025/11/03,帰省費,臨時
-200,2025/11/03,チャージ,交通費
-100,2025/11/03,チャージ,交通費
-1000,2025/11/03,チャージ,交通費
-1170,2025/11/03,ウェンディーズ,外食費
-4420,2025/11/03,ひのとり,交通費
-600,2025/11/03,お土産,交際費
-3885,2025/11/03,蔦屋(お土産),交際費2
-415,2025/11/03,セブン,食費
-1298,2025/11/02,ナザール(ツルハ),日用品
33000,2025/11/01,,仕送り
-763,2025/10/31,おみやげ,食費
-5250,2025/10/31,帰省費,交通費
-424,2025/10/31,マツキヨ,食費
-150,2025/10/31,自販機,食費
-1000,2025/10/31,マツモトキヨシ千種(店長),交際費
-1709,2025/10/30,ChatGPT API,その他
-320,2025/10/29,ファミマ,食費
-195,2025/10/29,誕プレ,交際費
-300,2025/10/29,プリクラ,交際費2
-1500,2025/10/29,スタバチャージ,交際費2
-106,2025/10/28,ファミマ,食費
-119,2025/10/28,自販機,食費
-200,2025/10/28,ピッコマ,趣味
-120,2025/10/27,登販,勉強
-10000,2025/10/27,愛知県収入印紙,その他
-1000,2025/10/27,チャージ,交通費
-192,2025/10/27,マツキヨ,食費
-150,2025/10/27,印刷,勉強
-300,2025/10/27,ガチャガチャ,交際費2
276,2025/10/27,マツキヨ返し金,臨時
-2180,2025/10/26,バーガーキング,交際費2
-1188,2025/10/26,ユタカ(金シャチ),食費
-1700,2025/10/26,cozycozy,交際費2
-721,2025/10/25,フロンテロゼ,食費
-200,2025/10/25,プリクラ,交際費2
-1360,2025/10/25,イタリアントマト,交際費2
-1317,2025/10/25,ブルーボトルコーヒー,交際費2
-453,2025/10/25,オリエンタルカレー,交際費2
-1550,2025/10/25,ぐり虎,交際費2
-3000,2025/10/25,映画,交際費2
-150,2025/10/23,iCloud,趣味
-189,2025/10/22,ファミマ,食費
-43,2025/10/22,ユタカ(金シャチ),食費
-4000,2025/10/22,チャージ,交通費
-5049,2025/10/22,facehairbisq,衣服
-2057,2025/10/21,マックスバリュ,食費
-1180,2025/10/20,日の出ラーメン,外食費
-1655,2025/10/20,だいそー,日用品
-1298,2025/10/19,スタバチャージ,食費
-400,2025/10/19,椙山学祭,交際費
-400,2025/10/19,椙山学祭,交際費
-310,2025/10/19,自販機,交際費
0,2025/10/19,マ・メゾン(ペイペイマネーライト),交際費
-1552,2025/10/18,王将(1000円回収),交際費2
-892,2025/10/18,オークワ(金シャチ),食費
-1000,2025/10/17,チャージ,交通費
-160,2025/10/17,自販機,食費
-2396,2025/10/16,マツキヨ,日用品
-213,2025/10/15,ファミマ,食費
-8250,2025/10/15,AWS Cloud Practitioner Essentials,勉強
69481,2025/10/15,マツモトキヨシ,バイト
80000,2025/10/15,投資機構貸金,投資利益
-1568,2025/10/14,マツキヨ,日用品
-580,2025/10/14,Spotify,趣味
-4520,2025/10/13,ドン・キホーテ,食費
-420,2025/10/13,バーガーキング,外食費
-643,2025/10/12,オークワ,食費
-738,2025/10/12,ファミマ,食費
-409,2025/10/11,ファミマ,食費
-181,2025/10/10,ファミマ,食費
-226,2025/10/10,ファミマ,食費
0,2025/10/10,金シャチマネー20000円,その他
-140,2025/10/09,鶴亀さん,交際費
-3010,2025/10/09,ナザール(Amazon),日用品
-2354,2025/10/09,水(Amazon),食費
-187,2025/10/08,名古屋大学生協,食費
-9350,2025/10/07,色々(Amazon),日用品
-4743,2025/10/07,歯ブラシ替え(Amazon),日用品
-28828,2025/10/07,電動歯ブラシ,日用品
-430,2025/10/06,ドトール,外食費
-3580,2025/10/06,錦通池下歯科クリニック,その他
-1000,2025/10/06,チャージ,交通費
-390,2025/10/06,ぶらりCafe,外食費
-690,2025/10/06,ゼッテリア,外食費
-258,2025/10/05,ファミマ,食費
-4844,2025/10/04,トナー(brother)(Amazon),勉強
-240,2025/10/04,ファミマ,食費
-666,2025/10/04,ファミマ,食費
-18208,2025/10/04,マウス・USBメモリ・替芯(Amazon),勉強
-120,2025/10/03,ファミマ,食費
-600,2025/10/02,郵便局,交際費
-192,2025/10/02,ファミマ,食費
-120,2025/10/02,自販機,食費
88,2025/10/01,ゆうちょ銀行利子,臨時
0,2025/10/01,PayPay銀行利息は今月よりPayPayポイントでの付与となるため、記載しません。,臨時
-448,2025/10/01,ファミマ,食費
33000,2025/10/01,,仕送り
-980,2025/09/30,ブルーボトルコーヒー,外食費
-1700,2025/09/30,meidcafe,外食費
-161175,2025/09/30,FX利益,投資機構利益
161175,2025/09/30,FX運用,投資利益
-248,2025/09/29,ファミマ,食費
6000,2025/09/29,教科書,臨時
-120,2025/09/29,ファミマ,食費
-60,2025/09/28,LINEスタンプ,趣味
-572,2025/09/27,こうき(忘れ物),交際費
-160,2025/09/26,ファミマ,食費
-968,2025/09/25,ドンキ,食費
-901,2025/09/25,オークワ,食費
-330,2025/09/25,ファミマ,食費
-1000,2025/09/24,チャージ,交通費
-1410,2025/09/24,コメダ,外食費
100001,2025/09/24,投資機構返し金,投資利益
-463,2025/09/24,ファミマ,食費
-1500,2025/09/23,新 そういうことじゃないんだよ展,交際費
-3070,2025/09/23,矢場とん(こうき2000円回収(1500PayPayマネーライト(含めず))),交際費
-150,2025/09/23,iCloud,趣味
-171,2025/09/22,ファミマ,食費
-520,2025/09/22,ファミマ,食費
-950,2025/09/22,竹内すする,外食費
-178,2025/09/21,マツキヨ,食費
-850,2025/09/21,吉野家,外食費
-1000,2025/09/21,チャージ,交通費
1,2025/09/21,SBI利息,臨時
-225,2025/09/20,デイリーヤマザキ,食費
-150,2025/09/20,マック,外食費
-8520,2025/09/19,ひのとり,交際費
-317,2025/09/19,おみやげ(ファミマ),趣味
-1320,2025/09/19,ダイソー,日用品
-2290,2025/09/19,ひのとり,交通費
-1400,2025/09/19,551,交際費2
-960,2025/09/19,月化粧,交際費2
-1995,2025/09/19,りくろーおじさん,交際費2
-1040,2025/09/19,上島珈琲店,外食費
-9248,2025/09/19,そらへ(大阪万博),交際費
9635,2025/09/19,じんゆう(大阪万博),臨時
-706,2025/09/19,ファミマ,交際費2
-1000,2025/09/18,チャージ,交通費
-3160,2025/09/18,大阪EXPO,外食費
-1958,2025/09/18,大阪EXPO,外食費
-170,2025/09/18,自販機,食費
-138,2025/09/17,ローソン,食費
-1000,2025/09/16,チャージ,交通費
-980,2025/09/16,日の出ラーメン,外食費
-192,2025/09/15,ファミマ,食費
-494,2025/09/15,オークワ,食費
-498,2025/09/15,ミニストップ,交際費2
-8520,2025/09/15,ひのとり,交通費
-400,2025/09/14,cafe Virgo,交際費2
-1000,2025/09/14,チャージ,交通費
-3000,2025/09/14,スタバカード,交際費2
-220,2025/09/14,ダイソー,食費
-657,2025/09/14,名刺,勉強
-480,2025/09/14,Spotify,趣味
-1583,2025/09/13,ファミマ,食費
-106,2025/09/13,マツキヨ,食費
-6622,2025/09/13,ブルーボトルコーヒー,趣味
-1119,2025/09/12,.吉野家,外食費
42992,2025/09/12,マツモトキヨシ,バイト
24,2025/09/12,PayPay銀行利息,臨時
-212,2025/09/12,マツキヨ,食費
-340,2025/09/11,ファミマ,交際費
-345,2025/09/11,ファミマ,食費
-2000,2025/09/10,スタバチャージ,交際費2
-548,2025/09/10,ファミマ,食費
-120,2025/09/10,自販機,食費
-73,2025/09/10,マツキヨ,食費
-100000,2025/09/09,FX部門追加投資 100000円 ,投資
-489,2025/09/09,ファミマ,食費
-10,2025/09/08,お賽銭(靖国神社),趣味
-491,2025/09/08,ファミマ,交際費2
-263,2025/09/08,LOOP(渋谷▶︎スタバ),交通費
-1620,2025/09/08,お土産,交際費
1100,2025/09/08,れおくん,臨時
-1697,2025/09/08,New days(お土産),交際費
-9280,2025/09/08,名古屋帰省費,交通費
-3000,2025/09/08,スタバチャージ,食費
-220,2025/09/08,金券ショップ,食費
-210,2025/09/08,一蘭(替え玉),外食費
-1080,2025/09/08,一蘭,外食費
-580,2025/09/08,MacBook用 キーボードカバー(Amazon),勉強
-2699,2025/09/08,MacBook用フィルム(Amazon),勉強
-2639,2025/09/08,MacBook用ケース(Amazon),勉強
-1974,2025/09/08,iPad フィルム,勉強
-2580,2025/09/08,MacBook用ハブ,勉強
-171,2025/09/08,セブン,食費
-2000,2025/09/08,チャージ,交通費
-7000,2025/09/08,スタバチャージ,趣味
-500,2025/09/08,靖国神社,趣味
-1000,2025/09/07,チャージ,交通費
-1000,2025/09/07,TOKYO MIKKE,外食費
-500,2025/09/07,明治神宮,趣味
-10,2025/09/07,お賽銭（明治神宮）,趣味
-246,2025/09/07,ファミマ,食費
-100,2025/09/07,宿泊税,趣味
-1500,2025/09/07,ラーメン翔,外食費
-171,2025/09/07,セブン,食費
-1070,2025/09/07,MOM's Touch渋谷,交際費
-1000,2025/09/06,建長寺,交際費
-500,2025/09/06,建長寺,趣味
-1310,2025/09/06,マツモトキヨシ(有楽町二丁目店),日用品
-700,2025/09/06,母誕生日,交際費
-1000,2025/09/06,チャージ,交通費
-780,2025/09/06,神乃珈琲(東京駅),外食費
-800,2025/09/06,コロッケ,交際費
-900,2025/09/06,カレーパン,交際費
-2000,2025/09/06,チャージ,交通費
-960,2025/09/06,蕎麦(品川),交際費2
-20,2025/09/06,お賽銭(建長寺),交際費
3500,2025/09/06,吉田先輩,臨時
-439,2025/09/05,ミニストップ,食費
-311,2025/09/05,ミニストップ,交際費
-4323,2025/09/05,ネックピロー(ロフト),日用品
-1000,2025/09/05,スタバチャージ,交際費2
-1070,2025/09/05,延長ケーブル(Amazon),勉強
-52976,2025/09/05,MacBook Pro 2020,勉強
-122,2025/09/04,ファミマ,交際費2
-1105,2025/09/04,ローソン,交際費2
-888,2025/09/04,ファミマ,食費
-410,2025/09/04,ファミマ,交際費2
-4610,2025/09/04,facehairbisq,衣服
-170,2025/09/04,ファミマ,食費
-594,2025/09/04,名古屋大学生協,外食費
-154,2025/09/04,ファミマ,食費
-7999,2025/09/04,モバイルモニター(Amazon),日用品
-4300,2025/09/04,raspberry pi モジュール,勉強
-440,2025/09/04,デザインナイフ(Amazon),勉強
-3661,2025/09/04,エアダスター,日用品
-7880,2025/09/04,卓上ラック,日用品
-3948,2025/09/04,モンスター(Amazon),食費
-1490,2025/09/04,鬼ピタ(Amazon),日用品
-616,2025/09/03,ファミマ,食費
-1000,2025/09/03,チャージ,交通費
-647,2025/09/03,マツモトキヨシ,食費
-1369,2025/09/02,実家郵送(くろねこ),交際費
-950,2025/09/02,バーガーキング,外食費
-987,2025/09/02,吉野家,外食費
-12558,2025/09/02,品川プリンスホテル,交通費
-203,2025/09/01,ファミマ,食費
-192,2025/09/01,ファミマ,食費
47,2025/09/01,PayPay銀行利息,臨時
33000,2025/09/01,,仕送り
-3050,2025/08/31,9  cafe,交際費2
-151750,2025/08/31,FX,投資機構利益
151750,2025/08/31,SBI投資機構利益,投資利益
-600,2025/08/31,映画,交際費2
-2051,2025/08/31,ブルーボトルコーヒー,交際費2
-1000,2025/08/31,チャージ,交通費
-1100,2025/08/31,8番出口,交際費2
-3000,2025/08/31,8番出口,交際費2
-1430,2025/08/31,SMASH(ロフト(弟へ)),交際費
-2201,2025/08/31,食器(松坂屋),日用品
-118,2025/08/31,ファミマ,食費
146,2025/08/31,マツキヨ返し金,臨時
-6060,2025/08/30,川嶋家恩返し,交際費
-1980,2025/08/30,ZARAME(1500円回収),交際費2
-1000,2025/08/30,スタバチャージ,交際費2
-533,2025/08/30,オークワ,食費
-240,2025/08/29,ファミマ,外食費
-505,2025/08/29,マツキヨ,食費
-6378,2025/08/29,マツモトキヨシ,日用品
-3980,2025/08/29,コーヒーフィルター,日用品
-10000,2025/08/29,キーボード,勉強
-4699,2025/08/29,コーヒーミル,日用品
-9990,2025/08/29,口腔洗浄器,日用品
-1110,2025/08/29,raspberry  pi カメラ,勉強
-930,2025/08/29,口腔洗浄器 保険,日用品
-19260,2025/08/29,raspberry pi 5,勉強
-3411,2025/08/29,プロテイン,食費
-3098,2025/08/29,六・翠,食費
-1891,2025/08/29,マツモトキヨシ,日用品
-1000,2025/08/28,チャージ,交通費
-1628,2025/08/28,DCM(柔軟剤),日用品
-2600,2025/08/26,くら寿司,交際費2
-321,2025/08/26,ドンキ,食費
-4400,2025/08/26,鬼滅の刃（映画）,交際費2
-1000,2025/08/26,チャージ,交通費
-3410,2025/08/26,ハワイアン(アサイー),交際費2
-28774,2025/08/26,cursor ,勉強
-3135,2025/08/25,ドンキーホーテ,食費
-171,2025/08/25,ファミマ,食費
-1480,2025/08/25,USB(Amazon),勉強
-982,2025/08/24,ファミマ,交際費
-198,2025/08/24,ファミマ,食費
-164,2025/08/24,セブン,食費
-274,2025/08/24,マツモトキヨシ,食費
-942,2025/08/24,大阪難波(お土産(コーヒーフランス)),交際費
-2900,2025/08/24,一番軒(1000(なおこ)),交際費2
-172,2025/08/24,ジュピター(なんば),外食費
-2290,2025/08/24,名古屋帰省,交通費
-1611,2025/08/24,オークワ,食費
10000,2025/08/24,帰省費,臨時
10000,2025/08/24,祖母(川嶋家),臨時
-1303,2025/08/23,Aコープ,食費
-240,2025/08/23,ファミマ,食費
-5,2025/08/23,お稲荷さん,その他
-150,2025/08/23,iCloud,趣味
-900,2025/08/22,じゅうろく(和歌山市駅),外食費
-203,2025/08/22,マツモトキヨシ,食費
-1000,2025/08/22,チャージ,食費
-1217,2025/08/22,スタバチャージ,外食費
-664,2025/08/22,セブン,食費
1000,2025/08/22,父,臨時
-476,2025/08/21,ファミマ,食費
-3459,2025/08/21,本(ブックフロンテ),勉強
-120,2025/08/21,自販機,食費
-2040,2025/08/21,風来坊(名古屋駅),交際費
-4420,2025/08/21,帰省費,交通費
-810,2025/08/21,サンマルク(難波),外食費
-1000,2025/08/21,チャージ,交通費
-298,2025/08/21,ファミマ,食費
-731,2025/08/21,ファミマ,食費
-240,2025/08/20,セブンイレブン,食費
-262,2025/08/20,マツモトキヨシ,食費
-120,2025/08/20,いちごオレ(名古屋大学附属中高等学校),食費
-10,2025/08/20,印刷,勉強
-24000,2025/08/19,大阪万博,交際費
121862,2025/08/19,もんじゃ（れお）,臨時
-100,2025/08/19,印刷,勉強
10000,2025/08/19,ちょびリッチ,臨時
-318,2025/08/19,ファミマ,食費
-1080,2025/08/18,日の出ラーメン,外食費
740,2025/08/18,D(もんじゃ(四国周遊)),臨時
-5,2025/08/17,SBI利子,投資
5,2025/08/17,SBI利子,臨時
-1000,2025/08/17,チャージ,交通費
-444,2025/08/17,ファミマ,食費
-203,2025/08/17,ファミマ,食費
-820,2025/08/17,金山寺味噌,食費
-699,2025/08/17,お土産,交際費2
-876,2025/08/17,ローソン,外食費
-9670,2025/08/17,帰省費,交通費
7000,2025/08/17,帰省費,臨時
-1000,2025/08/17,チャージ,交通費
-831,2025/08/17,新大阪,交際費2
-950,2025/08/17,新汰(もんじゃ(四国周遊)),交際費
1073,2025/08/17,のりおか(もんじゃ(四国周遊)),臨時
-575,2025/08/16,タリーズコーヒー,外食費
-373,2025/08/16,コクミンドラッグ(テニス部),交際費2
-6510,2025/08/15,道後温泉プリンスホテル,その他
-3865,2025/08/15,お土産,交際費
-16,2025/08/15,四国周遊もんじゃ（追加分）（田口）,交際費
-2098,2025/08/15,四国周遊もんじゃ（追加分）(新汰),交際費
-2887,2025/08/15,四国周遊もんじゃ（追加分）(れお),交際費
11969,2025/08/15,マクドナルド,バイト
52638,2025/08/15,マツモトキヨシ,バイト
-38895,2025/08/15,もんじゃ(四国周遊),その他
-950,2025/08/15,下灘珈琲,趣味
-2100,2025/08/15,運転御礼(のりおか、れお、あらた),交際費
9,2025/08/15,PayPay銀行利息,臨時
-700,2025/08/14,道後温泉(入湯料),趣味
-2220,2025/08/14,道後温泉,趣味
-1200,2025/08/14,ひろめ市場,交際費2
-1004,2025/08/14,ひろめ市場,交際費
-480,2025/08/14,Spotify,趣味
-150,2025/08/13,ザ・スダチ,食費
-108,2025/08/13,セブン,外食費
-338,2025/08/13,セブン,食費
-606,2025/08/13,ドンキ,食費
-210,2025/08/13,南海汽船(アイス),食費
-324,2025/08/12,サンドラッグ,食費
-1900,2025/08/11,大阪万博月化粧,交際費
-6500,2025/08/11,イエメン,趣味
-3600,2025/08/11,サウジアラビアコーヒー,趣味
-4400,2025/08/11,サウジアラビアお昼ご飯,交際費
-160,2025/08/11,自販機,食費
15000,2025/08/11,大阪万博,臨時
-5000,2025/08/11,チャージ,交通費
-821,2025/08/11,お土産,交際費
-320,2025/08/11,ドラッグストア(大阪万博),食費
-2280,2025/08/11,ぽっかぽっか(大阪万博),外食費
-800,2025/08/11,ネパール(大阪万博),外食費
5000,2025/08/11,大阪万博(臨時),臨時
-303,2025/08/09,ファミマ(モンダリン),その他
-400,2025/08/09,飛騨高原ソフトクリーム,外食費
-350,2025/08/09,白川郷,外食費
-1200,2025/08/09,御朱印帳(櫻山神社),趣味
1000,2025/08/09,父,臨時
-2600,2025/08/08,ラーメンしらかわ,外食費
5000,2025/08/08,母,臨時
-633,2025/08/08,ファミマ,交際費
360000,2025/08/08,(公益)木下奨学金財団,臨時
0,2025/08/08,（公財）木下,投資
-10,2025/08/08,お賽銭,その他
-100,2025/08/06,駐輪場,交通費
-480,2025/08/06,DOUTOR COFFEE,外食費
-10260,2025/08/06,faith hair bisq,衣服
-37164,2025/08/06,参考書(bookフロンテェ),勉強
-280,2025/08/06,🍔🥤✨𝐁𝐮𝐫𝐠𝐞𝐫 𝐊𝐢𝐧𝐠✨🥤🍔,外食費
-962,2025/08/05,名古屋大学生協,食費
-1000,2025/08/04,チャージ,交通費
-767,2025/08/04,吉野家,外食費
-380,2025/08/04,ファミマ,外食費
-548,2025/08/03,ファミマ,食費
-939,2025/08/02,ファミマ,食費
-24591,2025/08/02,書籍代,勉強
-100,2025/08/01,ピッコマ,趣味
-1000,2025/08/01,スタバチャージ,外食費
17,2025/08/01,PayPay銀行利息,臨時
33000,2025/08/01,,仕送り
-118,2025/07/31,名古屋大学生協,食費
162,2025/07/31,マツキヨ社員カード返し金,臨時
128096,2025/07/31,投資機構貸金(8/1振込)(128096),臨時
109879,2025/07/31,投資機構利益,投資利益
-109879,2025/07/31,投資機構利益,投資機構利益
-194,2025/07/30,ファミマ,食費
-2360,2025/07/29,マツキヨ,食費
5000,2025/07/29,ちょびリッチ,臨時
-600,2025/07/29,サイゼ,交際費
-64,2025/07/28,自販機（差金コークオンペイ）,食費
-729,2025/07/27,ファミマ,食費
-162,2025/07/26,ファミマ,食費
-16130,2025/07/26,MSI(マザーボード)(Yahoo),その他
-635,2025/07/26,ファミマ,食費
-1800,2025/07/26,覚王山通夏祭り,交際費
-317,2025/07/26,セブン,交際費
-12253,2025/07/26,WD(3.5inchHDD)(Yahoo),その他
-17827,2025/07/26,CFD(DDR5 64GB メモリ)(Yahoo)(23180-3853-1500),その他
-78752,2025/07/26,PNY(GPU)(Yahoo)(85657-1500-5405),その他
-13570,2025/07/26,MSI(電源)(tukumo),その他
-76186,2025/07/26,AMD(CPU)(電子問屋)(78286-100),その他
-10000,2025/07/26,MSI(PCケース)(Amazon)(11097-1097),その他
-13000,2025/07/26,Microsoft(Win11 Home)(Amazon)(13681-681),その他
-10000,2025/07/26,Hanye(M.2SSD 2TB)(Amazon)(17680-7680),その他
-16799,2025/07/26,PCCOOLER(CPUクーラー)(Amazon),その他
-9594,2025/07/26,周辺機器(工具・配線)(Amazon),その他
-350,2025/07/25,ファミマ,食費
-130,2025/07/25,ファミマ,食費
0,2025/07/25,投資機構借入（20万）,貯金
-120,2025/07/24,ファミマ,外食費
-727,2025/07/23,すき家,交際費2
-150,2025/07/23,iCloud,趣味
-106,2025/07/21,マツキヨ,食費
-3741,2025/07/20,マックスバリュ,食費
-4,2025/07/20,SBI利息,投資
4,2025/07/20,SBI利息,臨時
-287,2025/07/18,ファミマ,食費
-1000,2025/07/18,チャージ,交通費
-268,2025/07/16,ふぁみま,食費
-20,2025/07/16,印刷,勉強
-120,2025/07/15,ファミマ,食費
8,2025/07/15,PayPay利息,臨時
53142,2025/07/15,マツモトキヨシ,バイト
11782,2025/07/15,マクドナルド,バイト
-200,2025/07/15,ファミマ(印刷）,勉強
-120,2025/07/15,ファミマ,食費
-121862,2025/07/15,ホテル代(仮121862円),交際費
-14000,2025/07/14,ApplePencil 第2世代,勉強
-11000,2025/07/14,Amazon,日用品
0,2025/07/14,レーザープロジェクター購入送り金(35000円),日用品
-1000,2025/07/14,チャージ,交通費
-480,2025/07/14,Spotify,趣味
-840,2025/07/13,バーガーキング,外食費
-172,2025/07/13,ファミマ,食費
-4610,2025/07/13,faith hair bisq,衣服
-1050,2025/07/13,コメダ 今池店,外食費
-7500,2025/07/12,応用情報技術者試験,勉強
-120,2025/07/12,ファミマ,食費
-674,2025/07/11,ファミマ,食費
-85,2025/07/11,マツキヨ,食費
-1000,2025/07/09,チャージ,交通費
-356,2025/07/09,ファミマ,食費
-2607,2025/07/07,水道代,その他
-1065,2025/07/06,りくろーおじさん,交際費2
-1000,2025/07/06,チャージ,交通費
-1060,2025/07/06,ファミマ,外食費
-1011,2025/07/06,マツキヨ,日用品
-4420,2025/07/06,帰省費(名古屋),交通費
-940,2025/07/06,お土産,交際費2
-2130,2025/07/05,お土産(りくろーおじさん),交際費
-4420,2025/07/05,帰省費,交通費
-2000,2025/07/05,チャージ,交通費
-1251,2025/07/05,ファミリーマート(お土産),交際費
14000,2025/07/05,帰省費,臨時
-4190,2025/07/04,ドンキーホーテ,食費
-154,2025/07/01,ローソン,食費
17,2025/07/01,PayPay利息,臨時
33000,2025/07/01,,仕送り
-280,2025/06/30,ゴンチャ,交際費2
6,2025/06/30,利息（SBI）,臨時
2340,2025/06/30,NTT配当金,臨時
500,2025/06/30,LIFULL配当金,臨時
20084,2025/06/30,FX投資利益,投資利益
-22924,2025/06/30,SBI投資利益,投資機構利益
-213,2025/06/28,セブン,食費
-1000,2025/06/28,チャージ,交通費
-5500,2025/06/28,DS検定,勉強
-1980,2025/06/28,ユニクロ,衣服
-580,2025/06/28,マクドナルド,外食費
-1430,2025/06/28,ダイソー,日用品
-120,2025/06/26,ファミマ,食費
700,2025/06/26,マツキヨ社員カード返し金,臨時
-40000,2025/06/25,iPhone 15pro,その他
-15000,2025/06/25,NISA,投資
-598,2025/06/24,スタバ,交際費2
-980,2025/06/23,日の出ラーメン,外食費
-150,2025/06/23,iCloud,趣味
-2270,2025/06/22,ケンタッキー,交際費2
-790,2025/06/21,バーガーキング,外食費
-320,2025/06/21,ファミマ,食費
-2906,2025/06/20,マックスバリュ,食費
-1000,2025/06/20,チャージ,交通費
-1166,2025/06/20,すき家,交際費
-332,2025/06/19,ファミマ,食費
-1017,2025/06/19,ローソン,食費
-10746,2025/06/19,Amazon,日用品
-5635,2025/06/18,ドンキーホーテ,食費
-530,2025/06/17,マクドナルド,外食費
-544,2025/06/16,ファミマ,食費
-203,2025/06/16,ファミマ,食費
-149,2025/06/15,ファミマ,食費
-149,2025/06/14,ファミマ,食費
-480,2025/06/14,Spotify,趣味
84171,2025/06/13,マツモトキヨシ,バイト
-203,2025/06/13,ファミマ,食費
-1100,2025/06/13,サイゼリヤ,交際費2
34025,2025/06/13,マクドナルド,バイト
-70,2025/06/11,印刷費,勉強
-100,2025/06/11,ファミマ,食費
11000,2025/06/10,マツモトキヨシ(ボーナス),バイト
-12800,2025/06/10,和歌山県登録販売者試験受験費(関西広域連合),勉強
-1000,2025/06/09,チャージ,交通費
-606,2025/06/09,ファミマ,食費
-389,2025/06/09,ローソン,食費
-6325,2025/06/09,ドンキホーテ,食費
-200,2025/06/08,御籤(京都),趣味
-171,2025/06/08,ファミマ,食費
-2110,2025/06/08,帰省費,交通費
-1150,2025/06/08,キラメキ(京大),外食費
-594,2025/06/08,お土産(京都),交際費2
-446,2025/06/07,ファミマ,交際費
-1000,2025/06/07,チャージ,交通費
-1700,2025/06/07,ハイライト(京大),交際費
15000,2025/06/07,帰省費,臨時
-15,2025/06/06,お賽銭,その他
-4637,2025/06/06,お土産,交際費
-172,2025/06/06,ファミマ,食費
-900,2025/06/06,井出商店,外食費
-2000,2025/06/06,チャージ,交通費
-127,2025/06/06,セブン,食費
-8520,2025/06/06,医療費,その他
-564,2025/06/05,ローソン,交際費
-131,2025/06/05,ローソン,食費
10000,2025/06/05,免許取得,臨時
-519,2025/06/05,ローソン,外食費
-4350,2025/06/05,免許交付,その他
-100,2025/06/05,住民票,その他
-482,2025/06/04,ローソン,食費
-520,2025/06/04,ローソン,交際費2
-7050,2025/06/04,帰省費,交通費
-1386,2025/06/04,お土産,交際費
-440,2025/06/02,マック,外食費
-115,2025/06/02,ファミマ,食費
-3190,2025/06/02,ナザール(Amazon),日用品
-1698,2025/06/02,コーヒー(Amazon),食費
-600,2025/06/02,このアプリ,その他
-6929,2025/06/02,オーディオ関連(Amazon),日用品
-2560,2025/06/02,充電器(Amazon),日用品
-7990,2025/06/02,電気ケトル(Amazon),日用品
-40230,2025/06/02,SONY xm5 (Amazon),趣味
-1820,2025/06/02,マツキヨ,日用品
-356,2025/06/01,ファミマ,食費
-100,2025/06/01,セブン(いろはす(現金)),食費
-195,2025/06/01,諸経費,交際費2
-1000,2025/06/01,チャージ,交通費
13,2025/06/01,PayPay利息,臨時
33000,2025/06/01,,仕送り
-1408,2025/05/31,ユタカ,日用品
23772,2025/05/31,,投資利益
-23772,2025/05/31,SBI投資利益,投資機構利益
-397,2025/05/30,ファミマ,食費
-1000,2025/05/30,チャージ,交通費
-267,2025/05/30,マツキヨ,食費
-366,2025/05/29,ローソン,日用品
-138,2025/05/29,セブン,食費
-490,2025/05/28,東京都登録販売者受験郵送,勉強
-863,2025/05/28,マツキヨ,日用品
-877,2025/05/27,DCM,日用品
-440,2025/05/27,キャンドゥ,趣味
-807,2025/05/27,マツモトキヨシ,日用品
75,2025/05/27,マツキヨ社員カード返し金,臨時
-13600,2025/05/27,東京都登録販売者試験受験費,勉強
-980,2025/05/26,日の出ラーメン,外食費
5967,2025/05/26,Amazon返金処理,臨時
-1964,2025/05/25,オークワ,食費
-490,2025/05/25,ふらりカフェ,外食費
-45000,2025/05/25,NISA,投資
-1000,2025/05/24,チャージ,交通費
-149,2025/05/24,ユタカ,食費
-550,2025/05/24,ダイソー,日用品
-1340,2025/05/23,ドンキーホーテ,食費
-570,2025/05/23,マクドナルド,外食費
23914,2025/05/23,名古屋大学,バイト
-150,2025/05/23,iCloud,趣味
-2002,2025/05/22,マックスバリュ,食費
-3018,2025/05/21,Amazon(ケース),日用品
-400,2025/05/21,マクドナルド,外食費
-160,2025/05/20,自販機,外食費
-300,2025/05/20,新聞,勉強
-3245,2025/05/19,オークワ,食費
-693,2025/05/19,餃子の王将,外食費
-1166,2025/05/19,東京都登録販売者試験,勉強
-268,2025/05/19,ローソン100（🥚）,食費
-996,2025/05/18,ファミマ,交際費2
-400,2025/05/18,スタバ（チャージ）,交際費2
-5000,2025/05/18,モネ,交際費2
18,2025/05/18,SBI利息,臨時
-2790,2025/05/17,ドンキホーテ,食費
-450,2025/05/17,バーガーキング,外食費
-200,2025/05/17,ローソン,食費
-370,2025/05/17,ファミマ,食費
-450,2025/05/16,なか卯,外食費
-470,2025/05/15,セルフカフェ,外食費
-240,2025/05/15,ファミマ,外食費
66651,2025/05/15,マツモトキヨシ,バイト
75182,2025/05/15,マクドナルド,バイト
-214,2025/05/15,ファミマ,食費
-141,2025/05/15,教職教科書,勉強
-328,2025/05/14,セブン,外食費
-350,2025/05/14,マクドナルド,外食費
-480,2025/05/14,Spotify,趣味
-167,2025/05/13,ファミマ,外食費
-2000,2025/05/13,電磁気,勉強
-4800,2025/05/13,Amazon(靴),日用品
-2690,2025/05/13,Amazon(日傘),日用品
-426,2025/05/13,Amazon(コピー用紙),日用品
-1000,2025/05/12,チャージ,交通費
-3759,2025/05/12,マツモトキヨシ,日用品
-1050,2025/05/11,サイゼリア,外食費
-832,2025/05/11,吉野家,外食費
-1399,2025/05/11,DS参考書(メルカリ),勉強
-830,2025/05/11,マツモトキヨシ,食費
-250,2025/05/11,ファミマ,外食費
-64,2025/05/10,ユタカ,食費
-140,2025/05/10,チャージ,交通費
-794,2025/05/10,セブン,交際費2
-64,2025/05/10,ユタカ,食費
-210,2025/05/09,マクドナルド,外食費
-530,2025/05/09,ファミマ,食費
-60,2025/05/09,ローソン,食費
-1038,2025/05/08,マックスバリュ,食費
-1080,2025/05/06,味味,外食費
-2400,2025/05/06,トムとジェリー展,交際費2
-203,2025/05/06,ファミマ,食費
-108,2025/05/05,ヤマザキデイリー,食費
-1000,2025/05/05,チャージ,交通費
-9535,2025/05/05,SCHMATZ,交際費2
-16500,2025/05/05,ティファニーラブフォーヒム,交際費2
-19000,2025/05/05,I.BE LABO,交際費2
-1000,2025/05/05,スタバチャージ,交際費2
-5390,2025/05/05,ファットマンミザリー,交際費2
-1861,2025/05/04,マックスバリュ,食費
10000,2025/05/04,有田川町応援クーポン,臨時
-2192,2025/05/03,オークワ,食費
-160,2025/05/03,マクドナルド,外食費
-2662,2025/05/03,ステーキ宮,交際費
-420,2025/05/03,ぶらりカフェ,外食費
-1025,2025/05/03,ドンキ,食費
-467,2025/05/02,マツキヨ,食費
-7300,2025/05/01,fashion hair creation,衣服
-3319,2025/05/01,ナザール,日用品
-1872,2025/05/01,香水,衣服
-11495,2025/05/01,香水,衣服
13,2025/05/01,利息(PayPay),臨時
33000,2025/05/01,,仕送り
-756,2025/04/30,マツモトキヨシ,食費
-390,2025/04/30,セルフカフェ,食費
-2354,2025/04/30,ガスト,交際費2
-100,2025/04/30,駐輪場,交通費
7000,2025/04/30,,投資利益
-7000,2025/04/30,SBI利益,投資機構利益
-151,2025/04/30,JCB繰り上げ返済送り金余り,投資
-4360,2025/04/29,ドンキーホーテ,食費
-950,2025/04/29,竹内すする,外食費
-619,2025/04/29,マツモトキヨシ,食費
-490,2025/04/29,マクドナルド,外食費
-374,2025/04/28,名古屋大学生協,食費
-624,2025/04/27,ケース（Amazon）,日用品
-610,2025/04/27,マクドナルド,外食費
-100,2025/04/27,,交通費
-216,2025/04/26,ファミマ,外食費
-1027,2025/04/26,マックスバリュ,食費
-430,2025/04/26,レターパックライト,勉強
6330,2025/04/25,名古屋大学,バイト
-3990,2025/04/24,モンスター(Amazon),食費
-490,2025/04/24,マクドナルド,外食費
-220,2025/04/24,印刷,勉強
-100,2025/04/24,駐輪場,交通費
-110,2025/04/23,駐輪場,交通費
-140,2025/04/23,セブン,外食費
-90,2025/04/23,印刷,勉強
-270,2025/04/23,切符,交通費
-1297,2025/04/23,スターバックス,外食費
-165,2025/04/23,ファミマ,外食費
-178,2025/04/23,ファミマ,外食費
-278,2025/04/23,名古屋大学生協,外食費
-150,2025/04/23,iCloud,趣味
-1249,2025/04/22,Amazon（びふぇすた）,日用品
-507,2025/04/22,名古屋大学生協,外食費
-100,2025/04/22,駐輪場,交通費
-810,2025/04/21,マクドナルド,外食費
-452,2025/04/21,ファミマ,食費
-1860,2025/04/20,オークワ,食費
-1190,2025/04/20,丸亀製麺,外食費
-108,2025/04/20,セブン,食費
-500,2025/04/20,マクドナルド,外食費
-1078,2025/04/20,ユタカ,日用品
-620,2025/04/20,切符,交通費
-7500,2025/04/20,基本情報技術者,勉強
-123,2025/04/20,セブン,食費
12,2025/04/20,利子,投資利益
-393,2025/04/19,ファミマ,食費
-268,2025/04/19,ファミマ,食費
-794,2025/04/18,ファミマ,外食費
-630,2025/04/16,マクドナルド,外食費
-2475,2025/04/16,複素解析,勉強
-213,2025/04/15,名古屋大学生協,外食費
-1113,2025/04/15,チャージ,交通費
-668,2025/04/15,ローソン,食費
41426,2025/04/15,マツモトキヨシ,バイト
31595,2025/04/15,マクドナルド,バイト
3000,2025/04/15,名古屋大学,バイト
-350,2025/04/14,ファミリーマート,食費
-480,2025/04/14,Spotify,趣味
-190,2025/04/13,ろーそん,食費
-2701,2025/04/13,マックスバリュ,食費
-118,2025/04/13,ファミマ,食費
-1383,2025/04/13,ファミマ,食費
-208,2025/04/12,ローソン,食費
-1161,2025/04/12,マツモトキヨシ,食費
-280,2025/04/12,マクドナルド,外食費
-350,2025/04/12,マクドナルド,外食費
-420,2025/04/11,セルフカフェ,外食費
-1000,2025/04/11,ラーメン本郷亭,外食費
-2772,2025/04/11,英語教科書,勉強
-5000,2025/04/11,Amazon（Apple Pencil）,勉強
-276,2025/04/10,ファミマ,食費
-172,2025/04/10,ファミマ,食費
-350,2025/04/09,マクドナルド,外食費
-1080,2025/04/09,日の出ラーメン,外食費
0,2025/04/09,SBI貸付（50000円）,投資
-380,2025/04/09,セブンイレブン,食費
-1000,2025/04/08,チャージ,交通費
-560,2025/04/08,マクドナルド,外食費
20000,2025/04/07,教科書代,臨時
-656,2025/04/07,ダイソー,日用品
-140,2025/04/07,マクドナルド,外食費
-246,2025/04/07,フランテロぜ,食費
-56,2025/04/07,セブンイレブン,食費
-560,2025/04/07,マクドナルド,外食費
-565,2025/04/06,ファミリーマート,食費
-1296,2025/04/05,メルカリ（FP3級）,勉強
-510,2025/04/04,マクドナルド,外食費
-855,2025/04/03,吉野家,外食費
-148,2025/04/03,ファミマ,食費
-1196,2025/04/03,スタバチャージ,外食費
-2005,2025/04/03,ドンキ,食費
-350,2025/04/03,マクドナルド,外食費
-1289,2025/04/03,オークワ,食費
-200,2025/04/02,ぐり虎（替え玉）,外食費
-1100,2025/04/02,ぐり虎（ラーメン）,外食費
-550,2025/04/02,スリーコインズ,日用品
-700,2025/04/02,,食費
-800,2025/04/01,,食費
-800,2025/04/01,,食費
-1600,2025/04/01,映画,交際費2
-1010,2025/04/01,ゼッテリア,交際費2
-1000,2025/04/01,,交通費
-989,2025/04/01,ハンディモップ収納(Amazon),日用品
-19000,2025/04/01,ソファ（Amazon）,日用品
-14434,2025/04/01,オープンシェルフ（Amazon）,日用品
-1786,2025/04/01,ゴミ箱(Amazon),日用品
-8200,2025/04/01,机下収納(Amazon),日用品
8,2025/04/01,PayPay銀行利息,臨時
66,2025/04/01,ゆうちょ銀行利息,臨時
-160,2025/04/01,セブン,食費
-11387,2025/04/01,コタツ(Amazon),日用品
33000,2025/04/01,,仕送り
-350,2025/03/31,マクドナルド,外食費
-208,2025/03/31,セブンイレブン,食費
-3285,2025/03/31,ドンキ,食費
-583,2025/03/31,名古屋大学生協,食費
-10480,2025/03/31,SBI利益,投資機構利益
10480,2025/03/31,SBI利益,投資利益
-5000,2025/03/30,きしけん(イタリアン),交際費
-1133,2025/03/30,HANAMORI,交際費2
-4683,2025/03/30,無印良品,日用品
-500,2025/03/30,lightningケーブル,日用品
-160,2025/03/30,ファミマ,食費
-980,2025/03/29,お土産,交際費2
-170,2025/03/29,自販機,外食費
8000,2025/03/29,八幡ドライビングスクール,臨時
-6400,2025/03/29,帰省費,交通費
-2000,2025/03/29,京たまご,交際費2
-130,2025/03/27,自販機,食費
-380,2025/03/27,ソフトクリーム,交際費
-600,2025/03/27,kaji家,外食費
-130,2025/03/25,自販機,食費
37602,2025/03/25,名古屋大学,バイト
-1771,2025/03/25,お好み焼き,外食費
-15000,2025/03/25,NISA,投資
-150,2025/03/23,iCloud,趣味
-10,2025/03/22,神社,趣味
-130,2025/03/22,M書店,日用品
-9480,2025/03/21,マツキヨ,日用品
-1407,2025/03/18,オークワ,食費
-363,2025/03/18,セブン,外食費
0,2025/03/18,積立NASA(30000),投資
-120,2025/03/16,自販機,外食費
-120,2025/03/16,自販機,外食費
6,2025/03/16,SBI利息,投資利益
-6,2025/03/16,SBI利息,投資
72426,2025/03/15,マツモトキヨシ,バイト
75714,2025/03/15,マクドナルド,バイト
-480,2025/03/14,Spotify,趣味
-200,2025/03/13,阪神電鉄,交通費
-1200,2025/03/13,焼肉丼,外食費
-140,2025/03/13,セブン,外食費
-130,2025/03/13,自販機,外食費
-410,2025/03/13,マック,外食費
-410,2025/03/12,郵便代（マツキヨ）,その他
-2720,2025/03/12,車校,交通費
-540,2025/03/12,マック,交際費
-110,2025/03/12,セリア,日用品
-2590,2025/03/12,和歌山ミオ お土産,交際費
12000,2025/03/12,帰省費,臨時
-1150,2025/03/11,お土産,交際費
-330,2025/03/11,豚玉,外食費
-2000,2025/03/11,チャージ,交通費
-10,2025/03/11,印刷,その他
-1250,2025/03/11,豚トン,外食費
-248,2025/03/11,ファミマ,外食費
-2476,2025/03/11,お土産,交際費
-170,2025/03/11,マツモトキヨシ,食費
-73,2025/03/11,マツモトキヨシ,食費
-4220,2025/03/11,帰省費（アーバンライナー）,交通費
-3020,2025/03/10,,交際費2
-380,2025/03/10,ファミマ,外食費
-100,2025/03/10,印刷,勉強
-240,2025/03/09,マクドナルド,外食費
-986,2025/03/09,ダイソー,日用品
-2871,2025/03/09,ロフト,交際費2
-582,2025/03/08,ファミマ,食費
-560,2025/03/08,マクドナルド,外食費
-190,2025/03/08,マクドナルド,外食費
-1355,2025/03/08,CoCo壱（1000円受領）,交際費2
-408,2025/03/08,セブン,交際費2
-1200,2025/03/07,空王士,外食費
-1075,2025/03/07,ドンキ,食費
-350,2025/03/07,マクドナルド,外食費
-680,2025/03/06,なか卯,外食費
-250,2025/03/06,ファミマ,食費
-140,2025/03/06,セブン,食費
-178,2025/03/06,マツモトキヨシ,外食費
-2192,2025/03/05,マツモトキヨシ,日用品
-116,2025/03/05,セブン,食費
-520,2025/03/05,マクドナルド,外食費
-1000,2025/03/03,KANNON COFFEE,外食費
-1500,2025/03/03,猫カフェ,交際費2
-8530,2025/03/02,美容室,衣服
-350,2025/03/02,マクドナルド,外食費
-713,2025/03/01,マツモトキヨシ,食費
3,2025/03/01,PayPay銀行利息,臨時
-3639,2025/03/01,マツモトキヨシ,食費
-601,2025/03/01,ローソン,日用品
-990,2025/03/01,チャイ（インドカレー）,外食費
-440,2025/03/01,ダイソー,日用品
-1100,2025/03/01,Nyaton丸善,趣味
33000,2025/03/01,,仕送り
-31000,2025/02/28,SBI利益,投資機構利益
31000,2025/02/28,SBI利益,投資利益
-2508,2025/02/28,宮,外食費
-351,2025/02/28,駄菓子,食費
-2750,2025/02/28,Niko and…,日用品
-975,2025/02/28,タリーズ,交際費2
-360,2025/02/27,マツキヨ,食費
-390,2025/02/27,マクドナルド,外食費
-590,2025/02/27,マクドナルド,外食費
-100,2025/02/26,駐輪場,交通費
-477,2025/02/26,ファミマ,外食費
-807,2025/02/26,ファミマ,食費
-424,2025/02/26,ファミマ,外食費
-880,2025/02/25,麺屋雷神,外食費
15621,2025/02/25,ReNU,バイト
-75000,2025/02/25,SBI入金（NISA積立相殺）,投資
-660,2025/02/25,ダイソー,日用品
-15000,2025/02/25,NISA,投資
-2747,2025/02/24,マックスバリュ,食費
-877,2025/02/24,DCM,日用品
-274,2025/02/24,セブン,外食費
-350,2025/02/24,マクドナルド,外食費
-340,2025/02/23,マツキヨ,食費
-350,2025/02/23,マクドナルド,外食費
-560,2025/02/23,マクドナルド,外食費
-150,2025/02/23,iCloud,趣味
-600,2025/02/22,ドンキ,食費
-1100,2025/02/22,竹内すする,外食費
-10,2025/02/22,印刷,勉強
-7500,2025/02/22,ITパスポート,勉強
-280,2025/02/22,あんまさ,外食費
-151,2025/02/22,ベルマートキオスク,外食費
-240,2025/02/22,セブン,外食費
-270,2025/02/22,ローソン,外食費
-418,2025/02/22,ファミマ,食費
-5000,2025/02/21,チャージ,交通費
-96,2025/02/21,マツキヨ,食費
-950,2025/02/21,日の出ラーメン,外食費
-1228,2025/02/21,マツキヨ,食費
-320,2025/02/21,ローソン,外食費
-149,2025/02/20,セブン,外食費
-660,2025/02/20,マック,外食費
-350,2025/02/20,マック,外食費
-790,2025/02/19,かじけん,外食費
-1700,2025/02/19,zarame,外食費
-800,2025/02/19,ガチャガチャ,交際費2
-3193,2025/02/19,ナザール（Amazon）,日用品
-46,2025/02/18,ローソン,外食費
-116,2025/02/18,セブン,外食費
-560,2025/02/17,マクドナルド,外食費
-259,2025/02/17,ファミマ,外食費
-230,2025/02/16,ファミマ,外食費
-720,2025/02/16,モス,交際費2
-183,2025/02/16,セブン,外食費
-6,2025/02/16,SBI利息,投資
6,2025/02/16,SBI利息,投資利益
-980,2025/02/15,日の出ラーメン,外食費
19098,2025/02/15,マクドナルド,バイト
-420,2025/02/15,セルフカフェ,外食費
74632,2025/02/15,マツモトキヨシ,バイト
-418,2025/02/15,ファミマ,外食費
-140,2025/02/15,ファミマ,外食費
8,2025/02/15,PayPay利息,臨時
-382,2025/02/14,ユタカ,食費
-10,2025/02/14,印刷,その他
-587,2025/02/14,ドンキ,食費
-480,2025/02/14,Spotify,趣味
-590,2025/02/13,マクドナルド,外食費
-140,2025/02/13,マクドナルド,外食費
-3795,2025/02/13,BOOK・OFF,勉強
-420,2025/02/13,ファミマ,食費
-850,2025/02/12,白華楼,外食費
-238,2025/02/12,ローソン,外食費
-684,2025/02/12,ファミマ,外食費
-820,2025/02/11,マクドナルド,外食費
-980,2025/02/11,マクドナルド,交際費
-277,2025/02/11,ユタカ,外食費
-120,2025/02/11,ローソン,食費
-1760,2025/02/10,サイドリツシユ,交際費2
-230,2025/02/10,ファミマ,外食費
-415,2025/02/09,ファミマ,外食費
-208,2025/02/09,ふぁみま,外食費
-204,2025/02/09,ユタカ,食費
-350,2025/02/09,マクドナルド,外食費
-4030,2025/02/08,ドンキーホーテ,食費
-560,2025/02/08,マクドナルド,外食費
-420,2025/02/08,セルフカフェ,外食費
-641,2025/02/08,ファミマ,交際費2
-276,2025/02/07,マツキヨ,食費
-230,2025/02/07,ファミマ,外食費
-641,2025/02/07,ファミマ,交際費2
-1430,2025/02/06,グランピアット,交際費
-374,2025/02/06,mei-daing,交際費
-850,2025/02/05,本郷亭,外食費
-2265,2025/02/05,ドンキ,食費
-550,2025/02/05,セリア,日用品
-350,2025/02/04,マック,外食費
-366,2025/02/04,ファミマ,外食費
-2000,2025/02/03,チャージ,交通費
-320,2025/02/03,ローソン,外食費
-790,2025/02/03,ゼッテリア,交際費
-2000,2025/02/03,ボーリング,交際費
-216,2025/02/02,デイリーヤマザキ,外食費
-2350,2025/02/02,ラーメン,交際費
-570,2025/02/02,31,交際費
-1250,2025/02/01,ラーメン,交際費
8,2025/02/01,利息(PayPay),臨時
-792,2025/02/01,漫画,趣味
-184,2025/02/01,ファミマ,外食費
33000,2025/02/01,,仕送り
-712,2025/01/31,転スラ,趣味
-440,2025/01/31,だいそー,勉強
-450,2025/01/31,モスバーガー,外食費
-138,2025/01/31,マツキヨ,食費
-1000,2025/01/31,スタバチャージ,外食費
-171,2025/01/31,セブン,外食費
1000,2025/01/31,SBI利益,投資利益
-1000,2025/01/31,SBI利益,投資機構利益
-1500,2025/01/31,一番軒,交際費2
-440,2025/01/31,ダイソー,勉強
-460,2025/01/30,ファミマ,外食費
-1133,2025/01/30,cafe Hanamori,交際費2
-427,2025/01/30,セブン,外食費
-108,2025/01/30,ローソン,食費
-127,2025/01/29,ファミマ,外食費
-246,2025/01/29,ファミマ,食費
-2000,2025/01/29,カレー（1099）,交際費
-1099,2025/01/29,フランテロゼ,食費
-2000,2025/01/28,チャージ,交通費
-456,2025/01/28,名古屋大学生協,勉強
-687,2025/01/28,ユタカ,食費
-380,2025/01/28,マクドナルド,外食費
-96,2025/01/28,マツモトキヨシ,食費
-484,2025/01/27,ファミマ,交際費
-1040,2025/01/27,吉香楼,交際費
-230,2025/01/27,セブン,外食費
-150,2025/01/27,シャーペン修繕,勉強
-40,2025/01/27,印刷,勉強
-120,2025/01/27,生協,外食費
-456,2025/01/26,ファミマ,外食費
-950,2025/01/26,モトヤマ55,外食費
-50000,2025/01/25,12月SBI入金処理,投資
-15000,2025/01/25,NISA,投資
5061,2025/01/24,ReNU,バイト
-150,2025/01/24,ファミマ,外食費
-389,2025/01/23,ファミマ,外食費
-150,2025/01/23,iCloud,趣味
-168,2025/01/22,生協,外食費
-1000,2025/01/21,スタバチャージ,外食費
-357,2025/01/21,ファミマ,外食費
-820,2025/01/19,まっち棒,外食費
6,2025/01/19, SBI利息,投資利益
-6,2025/01/19,SBI利息,投資
-1080,2025/01/19,手土産,交際費
-1323,2025/01/19,Seria,日用品
-1090,2025/01/19,コメダ,外食費
-350,2025/01/18,マクドナルド,外食費
0,2025/01/18,セブンイレブン159円 PayPayポイント,食費
-1900,2025/01/18,自転車修繕費,その他
-320,2025/01/17,ローソン,外食費
-1300,2025/01/17,若鯱家,交際費
-1200,2025/01/17,きずなや,交際費2
-1406,2025/01/17,マツキヨ社員プレゼント(包装費込),交際費
-50000,2025/01/17,SBI入金,投資
8,2025/01/15,SBI利息,投資利益
50357,2025/01/15,マツモトキヨシ,バイト
29318,2025/01/15,マクドナルド,バイト
-1067,2025/01/15,オークワ,食費
-375,2025/01/14,マツモトキヨシ,食費
-480,2025/01/14,Spotify,趣味
-350,2025/01/13,マクドナルド,外食費
-73,2025/01/13,マツモトキヨシ,食費
-270,2025/01/13,モスバーガー,外食費
-5000,2025/01/12,餞別,交際費
-1514,2025/01/12,マツキヨ,日用品
-150,2025/01/11,マック,外食費
-108,2025/01/11,ユタカ,日用品
-1150,2025/01/11,Boost Burger,外食費
-1000,2025/01/11,スタバチャージ,外食費
-184,2025/01/09,,食費
-120,2025/01/09,自販機,外食費
-570,2025/01/08,Gong cha,外食費
-124,2025/01/07,マツキヨ,食費
-380,2025/01/07,マクドナルド,外食費
-350,2025/01/07,マクドナルド,外食費
-5350,2025/01/06,マツモトキヨシ,日用品
-1252,2025/01/06,オークワ,食費
-1943,2025/01/05,Amazon(パックご飯),食費
-4040,2025/01/05,モバイルバッテリー,日用品
-920,2025/01/05,麺屋いろは,外食費
-1310,2025/01/05,あくたがわ,交際費
-5,2025/01/05,吉田神社,趣味
-2110,2025/01/05,切符,交通費
-3000,2025/01/05,チャージ,交通費
-1735,2025/01/05,お土産,交際費
10000,2025/01/04,歯科医,臨時
-4300,2025/01/04,歯科医,その他
-360,2025/01/04,コート代,交際費
-3630,2025/01/04,niko and...,日用品
-300,2025/01/04,自販機,外食費
-15,2025/01/01,お稲荷さん,その他
-5,2025/01/01,しろいわ,その他
8,2025/01/01,利子,臨時
10000,2025/01/01,お年玉（兄）,臨時
82000,2025/01/01,お年玉,臨時
33000,2025/01/01,,仕送り
-1580,2024/12/31,SBI利益,投資機構利益
1580,2024/12/31,SBI利益,投資利益
-117,2024/12/31,Aコープ,食費
-578,2024/12/31,ローソン,外食費
-900,2024/12/30,東京油組,外食費
-590,2024/12/30,なか卯,外食費
-704,2024/12/30,ファミマ,外食費
-2000,2024/12/30,チャージ,交通費
-1478,2024/12/30,お土産,交際費
-1080,2024/12/30,恵那く,外食費
-5120,2024/12/29,帰省費,交通費
-600,2024/12/29,ゆいな,交際費
-2010,2024/12/29,ファミマ（お土産）,交際費
-116,2024/12/28,セブン,食費
-6155,2024/12/27,マツキヨ(袋),日用品
-270,2024/12/27,マクドナルド,外食費
12000,2024/12/26,帰省費,臨時
-278,2024/12/26,ファミマ,食費
12448,2024/12/25,学生委員,バイト
5022,2024/12/25,ReNU,バイト
-5468,2024/12/25,クリプレ,交際費2
-1000,2024/12/25,自転車修繕費,その他
-1153,2024/12/25,なべパーティー,交際費
-280,2024/12/25,セブン,食費
-15000,2024/12/25,NISA,投資
-30000,2024/12/25,NISA,投資
-99,2024/12/24,ファミマ,外食費
-5468,2024/12/24,プレゼント,交際費2
-220,2024/12/24,ダイソー,交際費2
-150,2024/12/23,iCloud,趣味
-168,2024/12/23,ファミマ,食費
10,2024/12/22,SBI利息(1円国税),投資利益
-480,2024/12/22,マクドナルド,外食費
-1813,2024/12/22,マツキヨ,日用品
3000,2024/12/22,母,臨時
-2029,2024/12/22,マツキヨ,日用品
0,2024/12/22,sbi 50000 入金,投資
-10,2024/12/22,SBI利息,投資
-130,2024/12/21,自販機,交際費2
-500,2024/12/21,ガチャガチャ,交際費2
-380,2024/12/21,マクドナルド,外食費
-2030,2024/12/21,名古屋港水族館,交際費2
-750,2024/12/21,ミナトマチトリニクセンター,交際費2
-3861,2024/12/21,KoToKoToYa,交際費2
-2165,2024/12/20,マツキヨ,交際費2
-298,2024/12/20,ファミマ(手土産),交際費
-2000,2024/12/20,チャージ,交通費
-759,2024/12/19,オークワ,食費
-2533,2024/12/19,マツキヨ,日用品
-3408,2024/12/19,マツキヨ,日用品
-116,2024/12/19,セブン,外食費
-140,2024/12/19,自販機,外食費
-168,2024/12/19,ファミマ,食費
-190,2024/12/18,自販機,外食費
-273,2024/12/17,ファミマ,食費
-116,2024/12/16,セブン,外食費
-350,2024/12/16,マクド,外食費
45580,2024/12/15,マツキヨ,バイト
39963,2024/12/15,マクドナルド,バイト
-4420,2024/12/15,帰省費,交通費
-820,2024/12/14,マクドナルド,外食費
-4420,2024/12/14,帰省費,交通費
-2080,2024/12/14,お土産,交際費
-230,2024/12/14,ファミマ,外食費
-318,2024/12/14,JACK IN DOUNUTS,外食費
-140,2024/12/14,ファミマ,外食費
-2000,2024/12/14,チャージ,交通費
1000,2024/12/14,母(食費),臨時
-480,2024/12/14,Spotify,趣味
15000,2024/12/13,帰省費,臨時
-630,2024/12/12,セブン,交際費2
-429,2024/12/12,セブン,交際費2
-687,2024/12/11,マツキヨ,食費
-1000,2024/12/11,自転車修繕(Amazon),日用品
-850,2024/12/11,中華(としき),外食費
-3240,2024/12/08,みんなのおでん,交際費2
-450,2024/12/08,@DONUT,交際費2
-220,2024/12/08,マクドナルド,外食費
-1500,2024/12/08,ドミノピザ（としき）,交際費
-18899,2024/12/07,ZOZOTOWN,衣服
-540,2024/12/07,スタバ,交際費2
-230,2024/12/07,ファミマ,外食費
-660,2024/12/07,ダイソー,日用品
-5980,2024/12/07,walt,衣服
-1000,2024/12/07,チャージ,交通費
-2784,2024/12/06,ホワイトボード(Amazon),勉強
-950,2024/12/06,ラーメン,外食費
-5000,2024/12/06,SBI,投資
-172,2024/12/05,ファミマ,外食費
-270,2024/12/04,マック,外食費
-1000,2024/12/04,ReNU,交際費
-2249,2024/12/03,レーザーポインター(Amazon),勉強
-3229,2024/12/03,酒(Amazon),食費
-2108,2024/12/03,ブラジリアンワックス(Amazon),衣服
-6358,2024/12/03,僕の心のヤバいやつ(Amazon),趣味
-17270,2024/12/03,本(Amazon),勉強
-2489,2024/12/02,マツキヨ,日用品
-123,2024/12/02,オークワ,食費
-1725,2024/12/01,オークワ,食費
-4180,2024/12/01,スタンダードプロダクト,日用品
-1496,2024/12/01,Niko and…,日用品
33000,2024/12/01,,仕送り
10,2024/12/01,利息(PayPay),臨時
-2684,2024/11/30,マツキヨ,日用品
-108,2024/11/30,ダイソー,食費
-416,2024/11/30,ユタカ,日用品
-240,2024/11/29,ファミマ,外食費
-240,2024/11/28,ファミマ,外食費
-149,2024/11/26,ファミマ,外食費
-1697,2024/11/26,マックスバリュ,食費
-425,2024/11/25,オークワ,食費
2373,2024/11/25,ReNU,バイト
9694,2024/11/25,学生委員,バイト
-15000,2024/11/25,NISA,投資
-428,2024/11/24,オークワ,食費
-2955,2024/11/24,マツキヨ,日用品
-530,2024/11/24,マクドナルド,外食費
-138,2024/11/23,ファミマ,外食費
-1277,2024/11/23,スタバ,交際費2
-4680,2024/11/23,GU,衣服
-2400,2024/11/23,町田商店,交際費2
-1000,2024/11/23,チャージ,交通費
-1000,2024/11/23,貸金(ゆいな),その他
-362,2024/11/23,ファミマ,食費
-130,2024/11/23,iCloud,趣味
-440,2024/11/22,ダイソー,日用品
-150,2024/11/22,マック,外食費
-362,2024/11/22,ファミマ,食費
-2300,2024/11/21,サイゼ,交際費2
-100,2024/11/21,駐輪場,交通費
-1000,2024/11/21,ケバブ,外食費
-116,2024/11/20,セブン,食費
-94,2024/11/20,マツキヨ,食費
-6194,2024/11/20,IKEA,日用品
-4400,2024/11/20,自転車修繕費（後輪チューブ交換&ブレーキ調整）,その他
-522,2024/11/20,おでん,交際費2
-192,2024/11/19,マツキヨ,食費
-130,2024/11/19,マック,外食費
-1500,2024/11/17,1185,交際費
-220,2024/11/17,セブン,食費
-393,2024/11/17,ローソン,外食費
-2000,2024/11/17,チャージ,交通費
-319,2024/11/17,ミスド,交際費2
-2603,2024/11/17,マツキヨ,日用品
-5,2024/11/17,SBI利息,投資
5,2024/11/17,SBI 利息,投資利益
-540,2024/11/16,マック,外食費
-250,2024/11/16,マック,外食費
-1232,2024/11/16,ミスド,交際費2
-148,2024/11/16,ファミマ,外食費
-660,2024/11/16,ダイソー,日用品
-120,2024/11/16,オークワ,外食費
-1644,2024/11/16,マツキヨ,日用品
-2535,2024/11/15,オークワ,食費
-40000,2024/11/15,40000円入金,投資
65111,2024/11/15,マツキヨ,バイト
84820,2024/11/15,マック,バイト
6,2024/11/15,りそく,臨時
-496,2024/11/14,オークワ,食費
-106,2024/11/14,ユタカ,食費
-226,2024/11/14,ファミマ,外食費
-158,2024/11/14,切手,その他
-480,2024/11/14,Spotify,趣味
-150,2024/11/12,地学実験(瑞浪),勉強
-7200,2024/11/12,Gong cha (福袋),趣味
-386,2024/11/11,オークワ,外食費
-1242,2024/11/11,マツキヨ,食費
-1140,2024/11/10,切符,交通費
-800,2024/11/10,IKEA,外食費
-4295,2024/11/10,IKEA,日用品
-365,2024/11/10,ファミマ,外食費
-646,2024/11/09,ローソン,外食費
-380,2024/11/09,ファミマ,外食費
-4420,2024/11/09,帰省費,交通費
-4420,2024/11/07,帰省費,交通費
-2124,2024/11/07,おみやげ,交際費
-900,2024/11/07,マック,外食費
-3578,2024/11/07,Amazon(充電器),日用品
-2000,2024/11/07,チャージ,交通費
-1000,2024/11/05,吉香楼,外食費
920,2024/11/05,散髪,臨時
-449,2024/11/05,マックスバリュ,食費
-2950,2024/11/05,Amazon prime,趣味
-4420,2024/11/04,帰省費,交通費
-495,2024/11/04,ファミマ,外食費
-2000,2024/11/04,チャージ,交通費
-1080,2024/11/04,お土産,交際費
-1467,2024/11/04,無印良品(靴用品),日用品
-2460,2024/11/04,靴用品,日用品
33000,2024/11/01,,仕送り
-4420,2024/11/01,帰省費,交通費
6,2024/11/01,利息,臨時
15000,2024/11/01,帰省費,臨時
-116,2024/11/01,セブン,食費
-116,2024/10/31,セブン,食費
-440,2024/10/30,ダイソー,日用品
-135,2024/10/30,ローソン,食費
-1583,2024/10/29,オークワ,交際費
-210,2024/10/28,マック,外食費
-31790,2024/10/28,NIKE,衣服
5000,2024/10/28,誕生日(母),臨時
-2500,2024/10/28,防水スプレー・洗顔（Amazon）,日用品
10000,2024/10/28,誕生日(祖父母),臨時
-580,2024/10/26,マック,外食費
-935,2024/10/25,マックスバリュ,食費
-1503,2024/10/25,ヤマナカ,食費
-10003,2024/10/25,10000円 入金 3円利息,投資
9694,2024/10/25,学生委員,バイト
16000,2024/10/25,試行講義,バイト
-1540,2024/10/25,ダイソー,日用品
-3734,2024/10/25,マツキヨ,日用品
-810,2024/10/25,オークワ,食費
-15000,2024/10/25,NISA,投資
-674,2024/10/24,すき家,外食費
-116,2024/10/24,セブン,食費
-765,2024/10/24,ファミマ,食費
-130,2024/10/23,iCloud,趣味
-339,2024/10/21,ファミマ,食費
3,2024/10/21,利子,臨時
-116,2024/10/20,セブン,食費
-130,2024/10/20,マック,外食費
-535,2024/10/20,オークワ,食費
-1223,2024/10/20,柔軟剤 Amazon,日用品
-350,2024/10/19,マック,外食費
-550,2024/10/19,キャンドゥ(補償品),その他
-257,2024/10/19,ユタカ,食費
-100,2024/10/19,お化け屋敷,交際費
-100,2024/10/19,脱出ゲーム,交際費
-300,2024/10/19,フランクフルト,交際費
-600,2024/10/19,チョコ飲み物,交際費
-2031,2024/10/19,ワックス×2+フィルター(粉飾) (Amazon),衣服
-3564,2024/10/19,マイクラ(Amazon),趣味
-2069,2024/10/19,ヘアオイル(Amazon),衣服
-4193,2024/10/19,フルグラ(Amazon),食費
-3007,2024/10/19,ハンガーラック(Amazon),日用品
-3334,2024/10/19,ナザール(Amazon),日用品
-11800,2024/10/19,加湿器(4527粉飾)(Amazon),日用品
-350,2024/10/19,マック,外食費
-278,2024/10/17,ファミマ,食費
-350,2024/10/17,ファミマ,食費
-190,2024/10/16,ファミマ,食費
-449,2024/10/15,ファミマ,食費
53890,2024/10/15,マツキヨ,バイト
-580,2024/10/15,マック,外食費
6,2024/10/15,利息,貯金
-398,2024/10/14,ファミマ,外食費
-480,2024/10/14,Spotify,趣味
-2000,2024/10/13,チャージ,交通費
-4420,2024/10/13,帰省,交通費
-600,2024/10/13,コーヒーフランス,趣味
10000,2024/10/13,祖母,臨時
-367,2024/10/13,オークワ,食費
-244,2024/10/12,オークワ,食費
-5250,2024/10/12,帰省,交通費
-280,2024/10/12,お土産,交際費
-788,2024/10/11,マックスバリュ,食費
-5380,2024/10/11,ZOZOTOWN,衣服
-235,2024/10/10,ファミマ,食費
15000,2024/10/09,帰省費,臨時
-659,2024/10/07,マツキヨ,食費
-127,2024/10/06,ローソン,食費
-975,2024/10/06,マツキヨ,食費
-2610,2024/10/06,ラーメン(1180未),外食費
-244,2024/10/06,お土産,交際費
-1620,2024/10/06,お土産,交際費
-340,2024/10/06,新幹線硬いアイス,食費
-1590,2024/10/06,登販,勉強
-120,2024/10/05,オークワ,食費
-217,2024/10/05,ユタカ,食費
-821,2024/10/05,オークワ,食費
-248,2024/10/04,ローソン,食費
-102,2024/10/02,マツキヨ,食費
33000,2024/10/01,,仕送り
2,2024/10/01,利息,臨時
-10000,2024/10/01,チャージ(生協),勉強
-62,2024/10/01,オークワ,食費
0,2024/10/01,マック(靴)未徴収2750円,その他
-600,2024/10/01,南山大学学食,外食費
17,2024/10/01,利息,臨時
-3183,2024/09/30,マツキヨ,日用品
-120,2024/09/29,自販機,食費
-930,2024/09/29,つけ麺,外食費
-1650,2024/09/29,メガネケース(Niko and…),日用品
-642,2024/09/28,オークワ,食費
-300,2024/09/28,みつけ祭り,交際費
-108,2024/09/28,ダイソー,交際費
-2716,2024/09/27,マツキヨ,食費
-1430,2024/09/27,ラッキー川名,衣服
-1100,2024/09/27,マツキヨ,日用品
9694,2024/09/25,学生委員,バイト
-507,2024/09/25,ファミマ,食費
-15000,2024/09/25,NISA,投資
-1211,2024/09/24,ヤマナカ,食費
-977,2024/09/23,マツキヨ,食費
-268,2024/09/23,オークワ,食費
-50000,2024/09/23,50000円 入金,投資
-1057,2024/09/21,オークワ,食費
-213,2024/09/21,ユタカ,食費
-220,2024/09/19,お土産,交際費
-180,2024/09/19,自販機,食費
-960,2024/09/19,スシロー,外食費
-1500,2024/09/19,車,交際費
-180,2024/09/19,自販機,食費
-5800,2024/09/19,ナガシマ,交際費
-1100,2024/09/19,PANDA EXPLESS,外食費
-287,2024/09/19,お酒,交際費
-332,2024/09/18,マック,外食費
-3000,2024/09/18,チャージ,交通費
-130,2024/09/17,自販機,食費
-4500,2024/09/17,ReNU,その他
-2079,2024/09/16,マツキヨ,日用品
-468,2024/09/15,オークワ,食費
-3434,2024/09/15,ユタカ,食費
4,2024/09/15,利息,臨時
4000,2024/09/14,米補助,臨時
-1034,2024/09/14,お土産,交際費
3000,2024/09/14,酒代,臨時
-4220,2024/09/14,帰省費,交通費
-480,2024/09/14,Spotify,趣味
83517,2024/09/13,マツキヨ,バイト
-1226,2024/09/13,ツルハ,食費
-84,2024/09/13,ツルハ,食費
-2000,2024/09/13,チャージ,交通費
-850,2024/09/12,文化祭,外食費
-500,2024/09/12,サイゼ,外食費
-410,2024/09/12,朝マック,外食費
-430,2024/09/11,charge spot,その他
-159,2024/09/11,セブン,食費
-1518,2024/09/11,漫画,趣味
-890,2024/09/11,外食,外食費
-548,2024/09/11,ファミマ,外食費
-7000,2024/09/11,参加費,勉強
-1840,2024/09/11,帰省費,交通費
-990,2024/09/11,漫画(辻本),交際費
-605,2024/09/10,おみやげ,交際費
-213,2024/09/10,セブン,食費
-750,2024/09/10,,外食費
-5250,2024/09/10,関西学院大（新幹線）,交通費
-3000,2024/09/10,チャージ,交通費
-390,2024/09/09,マック,外食費
-341,2024/09/09,ファミマ,食費
-130,2024/09/09,自販機,食費
-294,2024/09/08,歯ブラシ,日用品
-2600,2024/09/08,チャージ,交通費
-1000,2024/09/08,ラーメン,外食費
-3177,2024/09/07,ZOZO,衣服
-248,2024/09/07,セブン,食費
-3000,2024/09/07,チャージ,交通費
10000,2024/09/07,医療費,臨時
-5350,2024/09/07,歯科,その他
-150,2024/09/06,セブン,食費
-1000,2024/09/06,台湾油そば,外食費
-4220,2024/09/06,帰省（アーバンライナー）,交通費
-1200,2024/09/06,おみやげ（手羽先）,交際費
-1086,2024/09/06,おみやげ,交際費
-138,2024/09/06,ファミマ,食費
-1580,2024/09/06,帰省,交通費
-12951,2024/09/05,ZOZO,衣服
-1546,2024/09/05,グランピアット,外食費
-1015,2024/09/04,ヤマナカ,食費
-749,2024/09/04,マックスバリュ,食費
-381,2024/09/03,ファミマ,食費
-1040,2024/09/03,つけ麺,外食費
-140,2024/09/03,チャージ,交通費
-594,2024/09/03,C変換ケーブル,勉強
-2623,2024/09/03,バスタオル,日用品
-7633,2024/09/03,デュアルモニターアーム,勉強
-1699,2024/09/03,c変換ケーブル,勉強
-82,2024/09/02,マツキヨ,外食費
600,2024/09/02,新た,臨時
-680,2024/09/01,りんご飴,外食費
-1007,2024/09/01,パルコ7F,外食費
-172,2024/09/01,アイス,食費
-800,2024/09/01,安安ラーメン,外食費
-1990,2024/09/01,GU,衣服
30000,2024/09/01,,仕送り
-62,2024/08/31,マツキヨ,食費
-250,2024/08/30,マック,外食費
-1540,2024/08/29,プレゼント,交際費2
-5180,2024/08/29,プレゼント,交際費2
-330,2024/08/28,セリア,日用品
11115,2024/08/28,テクノロジーフェティバル（名古屋大学）,バイト
-256,2024/08/28,ファミマ,食費
-1595,2024/08/28,マックスバリュー,交際費2
-701,2024/08/27,マックスバリュー,食費
-2213,2024/08/26,マツキヨ,食費
-2600,2024/08/26,自転車 修繕費,その他
-4420,2024/08/26,帰省費,交通費
15000,2024/08/26,修繕費,臨時
-220,2024/08/26,チャージ,交通費
-160,2024/08/25,自販機,食費
-15000,2024/08/25,NISA,投資
-5000,2024/08/24,高速バス,交通費
-409,2024/08/24,ローソン,食費
-276,2024/08/24,オークワ,食費
-930,2024/08/24,カフェブラン,外食費
-127,2024/08/24,ドンキ,食費
-214,2024/08/24,マツキヨ,食費
-130,2024/08/24,自販機,食費
-330,2024/08/23,マック,外食費
-310,2024/08/23,ユタカ,食費
9694,2024/08/23,,バイト
-184,2024/08/23,ローソン（アイス）,交際費
-357,2024/08/21,セブン,食費
-1441,2024/08/21,ヤマナカ,食費
-1293,2024/08/21,八百鮮,食費
-4056,2024/08/19,マツキヨ,日用品
-481,2024/08/19,フロンテローズ,食費
-110,2024/08/18,ダイソー,日用品
-1031,2024/08/18,オークワ,食費
-536,2024/08/18,ユタカ,食費
-900,2024/08/17,ひのとり,趣味
-800,2024/08/17,おみあげ(祖父へ),趣味
-500,2024/08/17,おみやげ,交際費
-4420,2024/08/17,ひのとり,交通費
-638,2024/08/16,コート代,交際費
-2871,2024/08/16,焼肉代,交際費
2757,2024/08/16,メガネ代,臨時
20000,2024/08/16,祖父母,臨時
-150,2024/08/16,自販機,食費
-140,2024/08/16,自販機,食費
-150,2024/08/16,自販機,食費
-500,2024/08/16,チャージ,交通費
48333,2024/08/15,,バイト
-620,2024/08/15,コメダ,外食費
-1867,2024/08/15,漫画・カッター刄,趣味
-1134,2024/08/15,おみやげ,交際費
-2410,2024/08/15,青春18きっぷ,交通費
3,2024/08/15,利息,臨時
35000,2024/08/14,帰省費用(母),臨時
-200,2024/08/14,ロッカー,交際費
-1000,2024/08/14,ファストパス,交際費
-1580,2024/08/14,やばとん,外食費
-3000,2024/08/14,チャージ,交通費
-297,2024/08/14,ローソン,外食費
-4500,2024/08/14,ナガシマ,交際費
-477,2024/08/14,ドンキ,食費
-150,2024/08/14,ローソン,食費
-436,2024/08/14,ドンキ,食費
-297,2024/08/14,ローソン,食費
-650,2024/08/14,マック,外食費
-70,2024/08/14,アクエリ,食費
-2800,2024/08/14,海パン,衣服
-480,2024/08/14,Spotify,趣味
-650,2024/08/13,マクド,外食費
-1000,2024/08/13,チャージ,交通費
-190,2024/08/13,モンスター,食費
-95,2024/08/13,マツキヨ,食費
-12490,2024/08/13,もんじゃ(宿泊費),交際費
-1300,2024/08/11,獅子丸,外食費
-77,2024/08/11,マツキヨ,食費
-140,2024/08/11,ユタカ,食費
-220,2024/08/11,チャージ,交通費
-246,2024/08/11,フロンテローゼ,食費
-2317,2024/08/10,ユタカ,食費
-73,2024/08/10,マツキヨ,食費
-1300,2024/08/10,七夕祭り,外食費
-184,2024/08/09,ファミマ,食費
200,2024/08/09,ゆりあ,臨時
-6500,2024/08/09,七夕,交際費2
-1760,2024/08/08,理容室,衣服
-619,2024/08/08,ヤマナカ,食費
-494,2024/08/07,オークワ,食費
-539,2024/08/07,マツキヨ,日用品
-300,2024/08/07,ケバブ,外食費
-130,2024/08/07,自販機,食費
-764,2024/08/05,ユタカ,食費
-280,2024/08/05,マクド,食費
-3248,2024/08/04,ヤマナカ,食費
-82,2024/08/02,マツキヨ,食費
-20000,2024/08/02,本,勉強
-4809,2024/08/01,Goodnoteペン,勉強
1,2024/08/01,利息,臨時
30000,2024/08/01,,仕送り
-2781,2024/07/31,マツキヨ,日用品
-770,2024/07/31,ダイソー,日用品
-95,2024/07/31,オークワ,食費
-30000,2024/07/31,,投資
-50,2024/07/30,印刷,その他
-5000,2024/07/30,オーストラリア(弟),その他
-149,2024/07/29,,食費
-939,2024/07/28,ヤマナカ,食費
-235,2024/07/27,ファミマ,食費
-81,2024/07/27,マツキヨ,食費
-301,2024/07/26,オークワ,日用品
19388,2024/07/25,学生委員,バイト
-15000,2024/07/25,NISA,投資
-770,2024/07/24,ダイソー,日用品
-4374,2024/07/24,マツキヨ,日用品
-449,2024/07/24,オークワ,食費
-1614,2024/07/24,ユタカ,食費
-138,2024/07/23,ファミマ,食費
-149,2024/07/21,ファミマ,食費
-128,2024/07/21,ファミマ,食費
-1274,2024/07/19,オークワ,食費
-658,2024/07/19,ユタカ,食費
500,2024/07/17,Amazon返金,臨時
-2190,2024/07/17,メディシンボール(Amazon),趣味
0,2024/07/17,ナザール×5(Amazon)3392円,日用品
-9785,2024/07/17,HDD(Amazon)11280円,勉強
-878,2024/07/17,カムテクトプレミアム(Amazon),日用品
-6380,2024/07/17,デスクライト(Amazon),勉強
-5990,2024/07/17,トラックボールマウス(Amazon),勉強
-1500,2024/07/17,鉄(サプリ)(Amazon),日用品
-1452,2024/07/17,シートマスク(Amazon),趣味
-9350,2024/07/17,カバン(Amazon),衣服
-1343,2024/07/17,パロサント(Amazon),趣味
30000,2024/07/15,母,臨時
-8330,2024/07/15,（和歌山→名古屋）,交通費
-650,2024/07/15,バ先,交際費
-1162,2024/07/15,セブン・おみやげ,交際費
20000,2024/07/14,祖父母（父方）+おばさん（父方長女）,臨時
-900,2024/07/12,おみやげ,交際費
3000,2024/07/12,兄,臨時
-150,2024/07/12,ファミマ,食費
-990,2024/07/12,お土産,交際費
-4420,2024/07/12,ひのとり,交通費
63384,2024/07/12,マツキヨ,バイト
-179,2024/07/08,ファミマ,食費
-1790,2024/07/07,とりちかわ（打ち上げ）,外食費
-1108,2024/07/03,オークワ,食費
-662,2024/07/03,マツキヨ,日用品
-1699,2024/07/03,充電器,日用品
-3490,2024/07/02,医療費,その他
-116,2024/07/01,セブン,食費
30000,2024/07/01,,仕送り
-2600,2024/06/30,aqoa,交際費2
-1320,2024/06/30,軽食,交際費2
-324,2024/06/30,飯,食費
-701,2024/06/30,傘,交際費2
-2600,2024/06/30,高速バス,交通費
-648,2024/06/30,おみやげ,交際費
-4980,2024/06/30,ネックレス,交際費2
-2420,2024/06/29,ピッコロ,交際費2
-648,2024/06/29,朝ごはん,食費
-1318,2024/06/29,ダイソー,交際費2
-2600,2024/06/29,高速バス,交通費
-2000,2024/06/29,空中庭園,交際費2
-244,2024/06/29,マツキヨ,日用品
-570,2024/06/29,おみやげ,交際費2
-130,2024/06/29,,食費
-5000,2024/06/29,チャージ,交通費
-22,2024/06/29,スプーン,食費
-9800,2024/06/29,ホテル,交際費2
-2473,2024/06/29,ケーキ,交際費2
-3279,2024/06/26,マツキヨ,日用品
-246,2024/06/26,マックスバリュ,食費
-220,2024/06/25,ファミマ,食費
-139,2024/06/25,ファミマ,食費
-236,2024/06/25,ファミマ,食費
-15000,2024/06/25,NISA,投資
-138,2024/06/24,ファミマ,食費
-120,2024/06/24,コークオン,食費
-3120,2024/06/21,マツキヨ,日用品
-800,2024/06/21,マック,外食費
-1290,2024/06/21,GU,衣服
-175,2024/06/21,化粧水,衣服
-935,2024/06/21,,衣服
-1210,2024/06/21,ダイソー,趣味
-172,2024/06/21,ファミマ,食費
-795,2024/06/19,マツキヨ,食費
-906,2024/06/17,八百鮮,食費
-1760,2024/06/17,lucky 川名,衣服
-224,2024/06/17,牛乳(オークワ),食費
-2838,2024/06/16,オークワ,食費
-1183,2024/06/15,マツキヨ,食費
-460,2024/06/14,マックスバリュー,食費
25838,2024/06/14,マツキヨ,バイト
2854,2024/06/10,ファミマ,バイト
-162,2024/06/08,ファミマ,食費
-150,2024/06/08,ファミマ,食費
-9,2024/06/07,スタバ,食費
-600,2024/06/05,,食費
-800,2024/06/05,,食費
-230,2024/06/05,,交通費
-180,2024/06/04,リポビタンD,食費
-213,2024/06/01,ヤマナカ,食費
30000,2024/06/01,,仕送り
-648,2024/05/31,誕プレ,交際費
-2890,2024/05/31,Amazon(フィルム・三角コーナー),日用品
-678,2024/05/30,スタバ,外食費
-619,2024/05/29,ヤマナカ,食費
-350,2024/05/26,ルマンド(ファミマ),食費
-222,2024/05/26,パン、飲料(ドンキ),食費
-660,2024/05/26,セリア,日用品
-100,2024/05/26,駐輪場,交通費
-298,2024/05/26,ジャム(KALDI),食費
-454,2024/05/25,マツキヨ(柔軟剤),日用品
-1168,2024/05/25,マツキヨ(ナザール),日用品
-268,2024/05/25,オークワ,食費
-15000,2024/05/25,,投資
-235,2024/05/22,ファミマ,食費
-671,2024/05/21,マックスバリュー,食費
-1527,2024/05/20,Amazon,日用品
4000,2024/05/20,アマギフ,臨時
-330,2024/05/18,Lightning,日用品
-102,2024/05/18,飲料（イオン）,食費
-997,2024/05/15,オークワ,食費
500,2024/05/15,母,臨時
-20,2024/05/14,プリント,勉強
-162,2024/05/13,ファミマ,食費
-460,2024/05/12,ファミマ(フラッペ),食費
-550,2024/05/12,ダイソー,食費
-280,2024/05/11,ポテト,外食費
-751,2024/05/11,Python,勉強
-130,2024/05/11,,食費
-1000,2024/05/11,チャージ,交通費
-214,2024/05/10,チョコミント,食費
-2276,2024/05/10,ヤマナカ,食費
-1316,2024/05/10,本,勉強
-172,2024/05/09,ファミマ,食費
-302,2024/05/07,龍角散,食費
6000,2024/05/06,母,臨時
-500,2024/05/06,ロッカー,交際費2
-500,2024/05/06,動物園,交際費2
-920,2024/05/06,昼ご飯＄,交際費2
-605,2024/05/06,メタルチェーン,交際費2
-1401,2024/05/06,スタバ＄,交際費2
1000,2024/05/06,ちひろ(スタバ),臨時
-2400,2024/05/06,映画$,交際費2
-780,2024/05/06,映画飲食,交際費2
-160,2024/05/06,チャージ,交通費
-235,2024/05/06,ファミマ(ココア),外食費
-485,2024/05/06,タリーズ,外食費
-352,2024/05/05,歯ブラシ,交際費
-110,2024/05/05,タオル,日用品
-300,2024/05/05,サイゼ,外食費
-2270,2024/05/05,ボーリング,交際費
-170,2024/05/05,セブン,食費
-1420,2024/05/05,カラオケ,交際費
-209,2024/05/04,ミスド,外食費
-1200,2024/05/04,からおけ,交際費
-740,2024/05/04,マック,外食費
7000,2024/05/04,母,臨時
-1650,2024/05/04,散髪,衣服
-450,2024/05/04,サイゼ,外食費
-3000,2024/05/04,チャージ,交通費
-198,2024/05/04,ZONE,外食費
-205,2024/05/03,キリートレモン(ファミマ),食費
30000,2024/05/01,,仕送り
3227,2024/04/30,shein,臨時
-120,2024/04/30,LINE,趣味
-1404,2024/04/29,紅茶,食費
-330,2024/04/29,セリア,日用品
-1080,2024/04/29,ハンバーガー,外食費
-158,2024/04/29,お菓子,交際費
-2700,2024/04/28,熱田神宮,趣味
-680,2024/04/28,コメダ,外食費
-1500,2024/04/27,本山ボール,交際費
-100,2024/04/27,駐輪場,交通費
-1725,2024/04/26,マックスバリュ,食費
-470,2024/04/26,薬,食費
-15000,2024/04/25,,投資
-108,2024/04/24,水,食費
-60,2024/04/23,印刷、セミナー,その他
-138,2024/04/22,ファミマ,食費
-9711,2024/04/21,shine,衣服
-100,2024/04/20,駐輪場,交通費
-100,2024/04/20,駐輪場2,交通費
-500,2024/04/20,ボーリング,交際費
-270,2024/04/19,朝ごはん,食費
-138,2024/04/19,ファミマ 飲料,食費
-1116,2024/04/18,ヤマナカ,食費
-1375,2024/04/18,ナフコ,食費
-1100,2024/04/14,セリア,日用品
-759,2024/04/14,クレイマンリベンジ4巻,趣味
-600,2024/04/14,マック,外食費
-1000,2024/04/14,ヨガマット、保湿,趣味
-1170,2024/04/14,香水,趣味
-1864,2024/04/13,入浴剤、電池、いち髪,日用品
-94,2024/04/13,切手,その他
-434,2024/04/12,切手,その他
-20,2024/04/12,ファミマ 印刷 大学自転車,その他
-2663,2024/04/11,ヤマナカ,食費
-158,2024/04/10,ぶどう,食費
-48,2024/04/10,うどん,食費
20000,2024/04/09,名古屋大学出費補助,臨時
-1677,2024/04/08,スギ薬局,日用品
-32,2024/04/08,うどん,日用品
-414,2024/04/08,ファミマ,食費
-330,2024/04/08,本立て、キャンドゥ,日用品
-572,2024/04/08,Polaris,外食費
-16200,2024/04/08,学校,その他
-138,2024/04/07,セブン,食費
-753,2024/04/07,紅茶,食費
-924,2024/04/07,紅茶、抹茶,食費
-216,2024/04/07,ダイソー,食費
-1540,2024/04/07,ダイソー,日用品
-699,2024/04/07,ニトリ,日用品
-450,2024/04/06,ゴンチャ,外食費
-1580,2024/04/06,無印,日用品
-220,2024/04/06,DAISO,日用品
-2200,2024/04/06,セリア,日用品
-100,2024/04/06,自転車,交通費
-2321,2024/04/05,ヤマナカ,食費
-528,2024/04/05,食堂,外食費
-100,2024/04/04,自転車,交通費
-130,2024/04/04,自販機,食費
-1000,2024/04/04,チャージ,交通費
-2924,2024/04/04,スピーカー Amazon,趣味
-1690,2024/04/04,iPadフィルム Amazon ,勉強
-174,2024/04/04,ゴミ袋 ローソン,日用品
-266,2024/04/02,ファミマ,食費
-150,2024/04/02,自販機,食費
-768,2024/04/01,ダイソー,日用品
30000,2024/04/01,,仕送り
69646,2024/04/01,,貯金
-2205,2024/04/01,セリア,日用品
-1000,2024/04/01,中村,食費